x1,x2,x3,x4,x5,x6,y
-1.0,-0.13898665329922977,0.2305905528642237,-0.6133854686596772,1.0,0.20870860181208928,3.3928516034363385
-0.7296940084123917,-0.043126195031395365,-1.0,-0.5952479725482731,-1.0,-1.0,1.3904338095087514
0.8091511102783024,0.3364815096345982,-1.0,0.417058996321383,0.7922626526099081,0.41474959977208986,-1.1860978655410934
0.05688205668651336,0.11757684472657726,1.0,0.7888313870985881,0.771624952491567,0.14554653459114023,-1.6176720361042667
-1.0,-0.3907135091705377,-0.8517512503343463,-0.9793035787145992,1.0,-0.7222591217881205,3.974055528872504
0.636594028207883,0.7074238623498208,1.0,1.0,0.7617391967346011,-0.6460445668088262,-2.7795066754906994
-0.643775687435765,-0.26557943611842005,-0.23591020673666296,0.36584761511611746,-0.6550264379765416,-0.6311656320770482,0.046208906637905556
-0.3883302518927063,1.0,-0.5540239390864943,-0.15716502578352276,-0.391995266129895,-0.623141584893012,0.016319150520237913
-0.7457388671363716,-1.0,-1.0,-0.8641807016234757,-0.42390162292959155,0.5688793500121134,-3.9352755865499343
0.5510817669263453,-1.0,0.08466852393566893,1.0,-0.16102337294987895,0.7911981871040434,3.755802935055859
-1.0,-0.03805461901940348,-1.0,0.2342625091564533,0.05362257768054643,1.0,7.233906873741809
-1.0,-1.0,-1.0,-0.17137460666150672,0.9208344236157959,1.0,3.2674262426706977
0.422893034100402,1.0,-0.14724036134324803,-0.017830142681808492,-1.0,-0.2703630146880137,1.672286997458395
-1.0,-0.3956209738414169,-1.0,-0.8491659351395697,-1.0,-1.0,1.8316657204240832
-0.9888230017757932,-1.0,-0.91462975965811,-0.15553202425450782,-0.3665963277473233,0.2360202459190343,-4.758567735612361
-0.7174153747206924,-0.831104135527994,-1.0,-1.0,-0.6783722403266276,-1.0,3.326453876779346
-1.0,-1.0,0.5775686123454818,0.7611792012407679,-1.0,0.7206960275691876,-1.7492447227043968
1.0,0.8721946241116265,1.0,0.6928473135855062,1.0,1.0,-8.896787636535013
-0.4462559125052683,-1.0,-0.3163365152851221,0.8977299598792137,1.0,0.08902200693418294,-1.3778645794660818
0.37080455544987234,-0.45297923034931786,0.0748528088892979,-0.725511137401913,0.8503627847321162,1.0,1.8822871296431067
0.8355296598416033,-0.967090685750987,-1.0,-0.9321845993131673,-0.00789747720865272,0.9075114910866775,-0.5599644812000251
-1.0,-1.0,-1.0,-0.7156084697595677,-1.0,-1.0,2.7757157746840644
-0.12920530639732875,-0.4336829941618552,0.8581632415156282,0.06542090398971678,0.283632157155735,0.7173753636514086,-0.4613239115531148
-1.0,-0.3592522557634996,-0.543598618208885,-0.11217607355256476,-1.0,-1.0,0.1445604175407842
-0.30115518055626933,-1.0,-0.6790470685760787,-0.7341737834373622,-0.3334108096708265,-0.05910476749246596,-1.5564486384828626
-1.0,-1.0,-0.1388373547681776,-0.42601807029398014,-0.2498580395664779,0.2046251162725512,-1.5309522181971587
-0.385968431102772,-0.029066909186050982,0.3403713188613342,-0.36499947853416925,-0.12147798259154119,0.7346222993305982,0.270201946775668
-1.0,-0.2334991001910297,0.7647235220514871,-0.0745040547102736,-0.7175943229204257,0.05772306327073573,-2.730867907606984
-0.4278366693248548,-0.4669979057500838,0.17894800928252363,-0.5007838861997241,1.0,0.6108784561327953,0.7388824668121055
-0.7638051214478052,-0.02582462427546306,-0.7061161975704009,-0.7937087351732297,0.23389242381947792,-0.8868828035525805,1.8341297917955575
-0.5538641509158808,1.0,0.3946393734906566,0.48262540283515754,1.0,0.15478897313726836,-0.12519722519494447
0.7242888664614964,1.0,0.12111531864941828,1.0,-0.18120798502382962,-1.0,5.840751459201565
-0.9641204496346811,-1.0,-0.9849518306289364,0.48645528624620893,-1.0,-0.8382691723806841,-4.175988646758707
1.0,0.7873752184395473,0.22612184916231448,0.5056355469224774,0.8567843973358538,-1.0,-0.08701770583605117
0.8388093871013448,0.200697003991547,0.9593687385432428,0.18090235625770212,-1.0,-0.655713010942744,4.481377650751814
1.0,1.0,0.724807873168535,0.8300704119200011,0.08659231522138214,-0.7290207430727886,1.3069719690283077
-0.11259853140357129,1.0,0.9432126540895953,0.5566920827541684,-0.20245430992833552,-0.30422957364428516,-1.6360172409126457
-0.26630596743331103,0.8176604524815424,-1.0,-1.0,-0.7040881021103036,-1.0,1.377867092820055
-0.44922860976222545,-0.7249604009900348,-0.7740730506056683,-0.021550766334648697,0.6721365746937558,0.20786048803788926,-0.102097896109691
-0.882500379141187,-1.0,0.03657444512258623,-0.5164343909822268,-0.368743238715906,0.005271971903149764,-0.7143485950789471
0.0525273446393828,1.0,0.8145871607455872,0.05703373542283918,0.8669156274971295,-0.42487197584589054,-2.0480523451952006
1.0,0.34686874430337933,0.2684439312345488,1.0,-1.0,0.4266619817918471,4.033798286689493
1.0,1.0,0.8647273094715058,0.6077760927154143,0.12534747183586548,-1.0,1.9558952992247298
-1.0,0.16661677705200073,-1.0,-0.027453047544115816,0.5688205175543997,-0.2182295797173166,-0.6602035223584287
1.0,0.013767116675280633,1.0,1.0,-0.12127149180417587,0.8742378256631127,-2.298816948521269
-0.4707515105596952,0.4692004965683146,0.5490012328047335,-1.0,-1.0,-0.5104689603855361,-0.35458117995267957
-0.8142978408429236,-0.14544675501957216,-1.0,-1.0,0.7280136135984583,-0.04488037719217797,-0.8738912455867728
-1.0,-1.0,-0.8663492975955354,-0.9005048702210872,-0.7764494200289003,-0.24477129102534245,-2.565471830088696
1.0,0.9530549061247504,0.42591861912139906,1.0,-1.0,-0.6565432578705575,7.368850469808574
-1.0,-0.5926751259416099,-1.0,-1.0,-0.5261139209620483,1.0,3.366772046074215
-0.4946435465523721,-0.292980802662409,0.5421967375022932,-0.28275437932067027,-0.460038444706794,-1.0,3.171341865857113
-0.6660900539245519,-0.9033363522757236,-1.0,0.15752656129781623,-0.9198218218707661,-0.46070199660975986,-4.140910517597065
-0.3168932580514714,0.5811628491206493,1.0,0.05705109781751294,1.0,-0.1818705582637572,-0.4860616474955952
0.06379624186728372,0.06464278644568833,-0.5426803602122963,-1.0,1.0,0.5115544991667708,2.2534790594419234
0.8944651835658923,1.0,0.8172394971008317,1.0,0.10398682473555887,0.774845950598607,-3.235785399191489
-1.0,-1.0,-0.76514022940906,-1.0,0.2749401856339364,-0.07983052501125218,-3.970685404284594
1.0,0.8582226453456339,1.0,1.0,0.2613718521118168,1.0,-5.405918201704202
0.08421970798086365,0.7990710925365075,-0.07744447471379479,-0.8320933669084596,-1.0,0.394222569286995,3.6291062255385267
0.7520329994282543,-0.6095320514021577,0.4996193679938439,-0.584778947106892,1.0,0.22347312121805896,-2.5765719436227608
1.0,-0.32814735912302706,-1.0,0.0492227079840627,1.0,0.8956689952015817,-1.0002196982913678
-0.4306038257992354,1.0,0.5284866076749013,-0.3077894816380744,-1.0,0.5938766755882986,0.45508524899445346
1.0,0.1380933752268454,0.6521054587315043,1.0,1.0,-1.0,-1.1797911746074101
0.22497025748854083,0.33826007556360005,-0.08198928708490583,1.0,-0.10127806187900834,-1.0,3.1741600188824552
0.45296442045749247,-1.0,0.8205653358944015,-0.15648280039264906,-1.0,-1.0,8.714341669180998
-1.0,-0.6769740534429818,-0.627975041046196,-1.0,-0.4617399213564559,0.8036932366283115,-0.9229198118648405
-0.17981928235834882,-0.24305109940018713,-0.2531313867411917,-0.17279726403277476,-0.8177915086415231,-1.0,0.9484050872221493
0.09859363744885738,-0.9930790142581096,0.5978201248579573,0.5505598858033232,-0.07293460614543612,0.09472281399685134,-0.09075115723176141
0.4054705350367809,0.8084536381260776,0.015194255847398308,0.16372401323900454,-0.7662812408969042,-0.34405346428853806,1.2552208880317228
0.5297384258323228,0.6191336547471858,-0.7294947629345204,-0.860438196319868,0.5280581009175414,1.0,5.700695128640428
-0.434091405638837,-0.80807777067768,-1.0,-1.0,-0.04866585486061925,-0.35877539008220916,-2.5241382694482986
-0.5852170044512728,0.5212795078200182,1.0,1.0,0.43041254606779145,1.0,-3.981322764688129
-0.2309577104408683,-0.20742824241472446,-0.5753837644434021,-1.0,0.1697556790378691,0.9582494451713301,3.454736309329791
-0.9294230781177524,-0.2941995566241531,-0.4786842811566535,-0.7328740565831056,0.3583021266822908,0.8913049721403594,2.550520664750473
0.5103006109672243,-0.637110816459716,0.11172513486009361,-0.05835857788783138,1.0,0.4524007684287584,-1.8995312286019708
-0.41694470249738796,-0.05063861926797906,0.7901309421174603,-0.012004285472669629,0.7051093588369084,0.7501180419391426,0.19320949596517153
0.6509804852551951,-0.23438977907540925,-0.48521371692242254,-0.47343515286168725,-0.100260105338906,0.2623944564073491,0.6870610910537331
1.0,0.178237233110772,0.4719866719674892,-0.24886362471292278,0.35096047688140664,-0.2846493091861849,0.3347568958705102
1.0,0.720592723463122,-0.11213781725573735,-0.05389997623375792,-0.4764810218800654,0.3553726050656961,2.0958965476704576
0.5792086499942823,-1.0,-0.8901323814008577,-0.0218682459448808,0.19729076774259324,1.0,0.963349125462529
-1.0,-1.0,-0.05870906352915606,-0.22383844441855794,-0.4067508751330695,-0.4108474862133888,0.20466048818830357
0.14846663424720125,0.08998047218084398,-0.4404605053752803,0.971214322798384,-1.0,0.38514054634234274,1.985980710034837
-0.42756697145466616,-0.9743037168715474,-0.33696694307172104,0.1265064396873793,0.039719358773197655,0.1049738070978341,-1.3988730403825418
0.30432144345432066,0.9653437159281333,0.7783274206697396,1.0,0.7247685840222056,-0.1429135049230963,-3.3708754396507095
0.40183575716807307,1.0,0.8541715981282207,1.0,-0.5895260356196308,-0.7336934284757737,1.9199218881492213
-0.790404103307408,-1.0,0.03080222662224885,-0.31896108769001064,1.0,1.0,3.88090507042584
-0.31039464314494547,-0.9072324800845835,-0.16029274173166197,-0.9381405198320585,0.5829393700801366,1.0,0.3808542205649278
0.9472575392509841,0.8814901010750609,1.0,1.0,0.937513897914098,0.9421932503146644,-8.876151186905885
-1.0,-0.3226762666868659,-0.4588125426825813,-1.0,0.6165010542421491,0.9172461341890861,3.383163343347407
-0.5068396763154072,-0.686436735346093,-0.5149117273053945,-0.006980986990492655,-0.9880036132099103,-0.3268900509905196,-0.6216894971786517
1.0,0.7016074208695706,1.0,0.40837434077656853,0.5794980510510364,1.0,-4.770056723317168
-0.7584720742189743,-1.0,-0.021553875121540944,-0.40176742309977737,0.791148337581959,1.0,2.0586325078853003
-0.4670205508240357,-0.5237328948175779,-1.0,-0.3483106753843894,0.17494658641963468,1.0,5.483874973414939
0.14018870233074246,0.5779420405793949,-1.0,1.0,-0.4372128192621738,-1.0,3.226329310750628
-1.0,-0.973254935824055,-0.96636775688964,-0.7251098292353444,1.0,0.14874525801258587,-4.321076842055168
0.2813974300556984,1.0,-0.12144305486263665,-0.40791218339527185,0.8433045532206191,0.2551311194609766,1.3417904788380335
-1.0,-1.0,-0.7406949231837264,-1.0,-1.0,-1.0,5.283230186785588
-1.0,0.2968086909872035,0.2545723216872846,-0.28905550399449753,-0.44761167265105284,0.050948934891864306,-1.3256619676422858
-0.015212213715735154,-1.0,1.0,0.11524558989305436,0.6504208424407529,0.5470374834460796,1.1590812024526258
-0.3528541670098819,-0.25337219070119676,-1.0,-0.26762034060693307,1.0,0.18565968951345316,-0.5014654072924773
0.7838180758685394,0.08762082198585186,-0.1882112114566428,1.0,-0.14216453428435805,0.6229229265166345,1.3091634914913781
0.4965510948171211,-1.0,-1.0,0.15636087681268568,-1.0,-0.8481960803847258,1.7211008417239002
-1.0,-0.6648819077436445,-1.0,-1.0,-1.0,-1.0,3.064000553792788
-0.3304970127611375,-0.9103645324381926,0.4221153725134973,-0.12222812671775646,-0.47464072270776936,-0.6082044803241666,1.395973255289288
0.6271150594586029,0.6746142135866546,0.520235526869917,0.9127350710989419,1.0,-0.0798729036457182,-1.5731598375866516
0.5024097061454218,-0.29297922471001525,1.0,-0.7644110543674483,0.29134106064124543,-0.3059599171344217,-0.4502121750175748
0.5868829323590272,1.0,0.11357105616725982,1.0,0.9218303284737692,0.4487729592642078,-2.313714792129724
-0.134876083331682,-0.04401747025341285,-1.0,0.8878074393315376,-1.0,-1.0,1.748216070702963
0.6434917801718922,-0.25782294300391073,-0.2797906197417976,1.0,-0.7544514253663134,1.0,5.488679250792373
0.10010875090497406,1.0,1.0,0.18116631241524533,-1.0,0.5466113004896649,-2.9110080628839894
1.0,0.2132390049741104,-0.01009238332009732,1.0,-0.7655867648992428,-0.7310553740321086,4.7181371644098835
-0.22142202524920443,0.4910549494213299,0.15848584545257605,-0.6045195949860643,0.7071612322340272,-1.0,0.9970537347228063
1.0,1.0,0.7814367627566005,0.27003408190344436,-0.42354630285602946,-0.4505656383627884,0.7759562014500461
-0.6943060945179041,-0.4828573972401138,-0.4031458792733566,0.5727478940566819,-1.0,-1.0,-0.5458244296508592
0.0003840505017443929,0.16803568893449777,-0.312882595114642,-1.0,-0.46793776782509666,0.3063960489549845,0.1920949048737841
-1.0,-0.18453608679681743,-0.4753544995972554,0.03378732578301685,-0.5765661864935363,-1.0,1.7238733865095806
0.4451061743540302,1.0,0.006987213125265124,-0.24230653088237097,-1.0,-0.3834806358162151,1.223580339347477
1.0,-0.025470598055585048,0.5107732161491555,0.8551179552780384,0.17021117028971045,0.7891708490988789,-1.6017995693979163
0.8339298028350455,0.3865628367415268,0.11749530477815917,-0.9754866575542565,-0.7252340794382719,-0.08810806071589106,2.904618078114041
0.9326256781270992,-0.2786944786216208,-0.2640142283269567,0.06158407649306957,-1.0,-0.9569935094036192,6.479405480113712
1.0,1.0,0.1805586087872315,1.0,-1.0,-1.0,11.36682114826716
0.5619070515516694,0.7315273546470216,-1.0,-0.21757427658976103,-0.8837455826809448,-0.48617293641163906,1.100489648267947
-1.0,1.0,-0.5077771731296541,-0.8292460220881421,-1.0,0.0661985674440001,1.084872070488389
-1.0,-0.7650936061389295,-0.018810060142432583,-0.48595283332838735,0.31480122642079444,-0.052422653870437375,0.10634807829282156
-0.5208248242563782,-0.011138160986216783,-1.0,-0.03971895412359405,-0.4789669481456531,-1.0,3.1205092548077165
-0.9618504062756916,-0.5262859229450837,-0.05119986411784394,0.07577683664303247,-0.5965745661606409,-0.7486961587898067,0.006605734834426863
0.22660001645712585,-0.07779060038145336,-0.34776535684742843,-0.9056748347249559,0.19152419398993148,-1.0,2.796697035810318
-0.08856788328580012,-0.44549475725943233,-0.05163550285839946,-1.0,1.0,1.0,4.1053115001813305
-1.0,-0.4921247025148814,-1.0,-1.0,0.9954377457080025,-0.23041132099632144,-1.3805942581158086
-0.17962292735496183,0.3212981491719771,-1.0,1.0,-0.8034056747722371,-0.35764419057101143,-1.4195745218671543
1.0,1.0,-0.1494119715684188,1.0,0.15917565605988018,-0.6483837021570996,3.5862149666074767
0.006051944904460593,0.008225523413227576,1.0,1.0,-0.18361207020030446,0.7721696584287515,-3.5768338882177697
-0.01674418034684648,-0.3397526382416928,0.8402518616135219,-1.0,0.3793083292795456,-0.6591574033472287,1.3123114513999918
-0.48927609375311754,-1.0,-0.13419368760695483,0.2639233333426844,-0.08871339490412955,1.0,1.0931002627857227
0.3624159660275027,-0.8407495861878576,0.35648129230721026,0.25701025040557174,-0.29302829540550257,-0.514262505890821,3.1677933958072955
-0.0568332294001096,0.6578415268060389,0.4516534296875071,-0.7942112285583864,0.9591581427502899,-1.0,1.6459928413586087
1.0,-0.13861446504672997,1.0,-0.23402091758521465,-0.7570333813668952,-0.059959080493094286,4.110240450115826
-0.2721222236619492,-0.5300273859530957,-0.8344542614408453,0.5498829614328457,1.0,0.3893486197760869,0.03956946655999494
-1.0,-1.0,1.0,-1.0,0.931597163631095,0.17189209376403114,-0.5676558657440391
0.3961709102554992,0.12776158755309686,-0.21822246006113824,0.4172932366026375,0.6344975591899649,0.020953895936639655,-0.8144821110218815
1.0,0.43172629084188824,0.9114862385200224,0.04890524444689531,-0.845279440071008,0.5095248307767423,2.6777180626473727
-1.0,0.1321369952842305,0.05746017110964427,0.19246283235061584,0.9073556460508014,0.14362509522992917,2.8379368863160668
0.4534000352952895,0.2712968079432354,0.9006940377898905,0.1485952874382045,-0.16511511456194827,-0.9588503071850116,3.2051531948035015
-0.31846744779385305,-0.5774491826078547,0.2695207815122869,0.4223582391749018,0.021268352309091854,0.9992705675071174,1.4891927730785364
-1.0,-1.0,-1.0,-1.0,-0.47601502327879763,-1.0,3.89303959971065
0.6508429039058755,1.0,0.15277667826740382,-0.7725680821125824,0.32618549280410114,0.17241602399563144,0.29491024832152507
-1.0,-0.0676159476053022,-1.0,-1.0,-1.0,0.10413282586799111,-2.5192442972386426
1.0,1.0,1.0,0.9177669435271822,-0.9039465243854086,0.6572787377227729,1.876678864144308
0.703862827688715,-1.0,-1.0,-0.18385388456945023,-1.0,-1.0,5.2721933894228945
0.1314813897897253,0.7493944547761968,-0.8465003262446478,1.0,1.0,-0.2757700333713229,-2.2925321029721277
-1.0,-1.0,-0.6934018727109734,-0.742616227795691,-1.0,-0.9718903763791908,3.0350400358607166
0.9972658008748283,0.08472625229330122,1.0,0.010560634173931271,0.04474883855113154,0.275762863008824,-1.1825116568967688
1.0,0.7731951457207098,0.6001008541555712,0.999240906734791,0.5465842181875393,-0.5647318701087629,-1.5705714417075556
0.9891353087996567,0.4692162663032604,-0.00813198058492598,1.0,-0.9540617497910212,-1.0,9.129980766884934
-0.5235154623998948,-0.13286218677781592,-0.16375805013408873,-0.10934399333856326,-1.0,-0.9231750873308593,-0.5455768843028018
-0.9112623140290376,-1.0,-1.0,0.6415668889383802,1.0,1.0,5.164312523721478
-0.5721378166965686,-1.0,-0.27352197429951497,-0.10220906632645851,-0.6313966973141929,-1.0,1.7648520250580184
-1.0,-1.0,-1.0,-0.25929444746690944,-0.06517311180195084,0.22771327981688833,-3.6153722616911246
0.6517356869209097,1.0,1.0,1.0,-0.509230228139073,-0.8993696977362698,2.006388354057526
0.635299090260153,0.7046747610590928,-1.0,-0.582594725139426,0.07125158754334343,-1.0,0.6350127855495855
0.36900155857245914,0.3064077396783751,0.5476717212378925,1.0,1.0,0.09231934051291246,-0.7090421726944933
-0.006996436371931702,0.509622176147983,-0.6039630361002014,-1.0,0.36610111894225494,0.21079131598254763,0.09828137728098091
0.8943765693312462,0.05302968829913368,1.0,0.49951941117231313,-1.0,-1.0,7.394689049252553
-0.2664127455905666,-1.0,-0.04548879258948202,-0.8996295984035484,-0.3404107635400234,-0.8471937078206404,4.428717093171597
-1.0,-1.0,-0.7208929642671833,-1.0,1.0,-0.1971681698831684,-1.7556474221616876
-1.0,0.6710667384637613,1.0,-0.0995817631002559,0.2573047512890971,1.0,-2.4770301168655324
-1.0,-0.2776019633262983,-1.0,-0.4093787412880066,-0.2761445720871205,0.36075461364771516,-1.388133631375771
-0.20300551074739048,0.44507465811090174,-0.016461630484030265,-0.9332618994025283,-0.27604642757429665,0.6991104776502185,1.7200154680259272
0.567637786011121,0.5578743882913988,1.0,1.0,-1.0,-0.29926352949080703,2.2060479125694
-1.0,-0.20523411430023253,-0.0946079144910732,-1.0,0.48730241047137995,0.6456191270038552,1.1796358598558423
0.07223606063394061,1.0,0.18685521808143257,-0.648035246864187,1.0,1.0,6.741731466281999
-1.0,-1.0,-0.4999641488080129,-0.8121947399122817,0.5419362578327658,-0.34804267903497593,-1.2856311329286603
-0.9018841348866536,-1.0,-0.5738075789534738,-0.5690819244262395,-0.5994832757027821,0.5336293363860177,-3.477705377384085
0.8233684730682028,-0.5223329633874934,-0.44882970574885994,-1.0,1.0,-0.04002508283883299,-1.3149764558273074
-0.42551943178075313,-1.0,-1.0,-0.8177954381758323,-0.8801375209904012,-0.07179341866738448,-1.8993570128915125
-1.0,-1.0,-0.2761655463615238,-0.6514189822368839,1.0,-0.57503768547596,4.279335506756464
-0.16664749570878828,-1.0,0.23954384123586997,0.1521333067272711,0.30140902605009756,-1.0,4.357997147765851
-0.11282437294545233,-0.9286578267638095,-0.15136814201506898,0.941041697913402,-0.6567283049726742,0.6217582326552187,2.337050442307694
0.7759989690754983,1.0,0.2897520110458492,0.8584593447320454,-0.023174323897141802,-1.0,4.611397599080924
-0.4149721093936003,0.02675195216188353,0.021148190241253917,-0.8428172906590192,-0.9393555405740749,0.5124544899837543,0.5715498305587456
1.0,1.0,0.42068844291207774,0.6801479065659384,0.6185804020564276,-0.15952204226810796,-3.1126089458604485
1.0,1.0,1.0,1.0,0.7282843627224395,1.0,-9.734812323910282
1.0,0.1021428665982532,1.0,0.6751606586899275,1.0,1.0,-5.481958404720043
-1.0,-1.0,0.2732557952524095,-1.0,-1.0,0.3840912332216116,0.43904354304232435
0.12862536386594656,0.6841954142397692,-0.055101905363779874,0.8024596024600211,0.8571020936001327,-0.7137693466380324,0.21962828337128232
0.6996763699257503,-0.5954274362514973,0.48853951349007474,0.05590178212474206,-0.48090943350371734,-0.8247335427878334,5.029279367193685
0.6959994324636856,0.8679793760705051,0.24801372790477505,0.7493060525815971,0.027923263761222936,-0.5657693523695954,1.661199191008497
0.8692650820770148,0.49327919319736435,-1.0,-0.6794982506713829,-1.0,-0.9733555716058683,4.181878685020416
1.0,0.581098928167217,0.32818494396650877,-0.6495430323228895,1.0,1.0,1.9354366052060188
1.0,1.0,0.36321567275440614,0.684829043632693,-1.0,-0.36923815399856286,3.797014978151019
0.9959507197054975,0.06017902221447202,1.0,0.7069800970955977,-0.7658247875726113,0.21986666504275648,3.8979674737565038
0.15892643084811264,0.5806694086903709,0.5756163085153159,0.2132772768862491,-0.21100662893539168,-0.18095142581974344,-1.0495292867787696
1.0,1.0,0.6659898076084758,1.0,0.597843822002631,-0.7514285761840576,-1.078700870592884
-0.5055487026530785,-0.6661225356584839,0.29863471959976207,0.9006174869241089,-0.21942339681892714,0.057040426187561,0.1857882928777423
1.0,1.0,0.3322265891251418,-0.10738143428112645,0.12841755301126356,-0.3386623185819697,-0.7424740021985435
0.2005325245628523,0.6811687229970558,-0.1853433813149254,1.0,-0.15925971650281712,1.0,2.676682961567817
0.9089784215279262,0.3181929557585377,0.8380200130134785,-1.0,0.23322321619242642,0.44848524647679583,-1.7442242117840108
0.28509069352260363,0.7656839768391797,0.423959731583875,0.7333002721163593,-1.0,-0.019450989769174365,1.9414394071814367
0.11689749009816464,1.0,0.3455661901578465,0.519894756340004,-0.3515224296963635,-0.712830702055226,0.517367814717319
0.7687009085952062,1.0,1.0,0.18064903761702134,0.8764919841304241,0.8115678517491192,-5.24738064282132
-1.0,-1.0,-0.9932000162017229,-0.6152532078563282,-1.0,-0.49508380336053603,-3.147033949960715
0.2534502433444772,0.054065406316521125,0.7917435894935592,0.6016858313833167,-0.8429936288598076,0.3175054151653258,-0.6505096489995066
0.44436658180280875,0.2837060247888793,0.711566559699207,0.5891957435815514,0.3045829489418415,0.6255092697885829,-0.5989869013062924
1.0,1.0,0.04136832095169196,0.3262226946815119,0.1309188797429726,-1.0,3.5054886169439468
0.6811874073663774,0.7074916404551076,0.6589607457919904,0.5287652317932757,-0.6286334249690678,-0.14300393924713806,1.4313220922732757
-0.2556872721420471,-0.0755108403054161,-1.0,-1.0,0.3785431015662476,-0.37892680236147613,-1.5481821179860706
-0.7342789181976054,0.45360091283527093,-0.4611609374132049,0.42962658220685274,0.7212547196430923,-1.0,3.4331544916372208
0.6344071822663256,0.4690929846108814,0.6486513170236365,-0.43600018471032503,0.3108993283830678,-0.9580744079708474,2.455975677400132
-0.8110669964200194,-0.7113856622680808,-0.9746464572524982,-1.0,-0.43128825284890515,0.5492458277766639,-2.3142901536176677
1.0,1.0,1.0,-0.5150285912512678,0.966579409615876,1.0,-2.5090322126085347
-0.07345871730213428,1.0,-0.9041158168087035,-0.35551213332862386,0.056658277228781806,0.3120347105857437,3.1003633850017285
0.7269116591665788,0.4906786928950655,0.9623950720493987,0.6621012910565651,0.6570117049963121,-0.9670531934745967,-1.3166616917029983
-0.719499310228525,-0.5662869550869717,-1.0,0.9858528149581819,0.5844390041504862,-0.9870174507090527,1.8223830315107596
1.0,0.2516053934070568,0.4947378121989625,0.13045656914269865,0.12920797004060625,-0.4450934946608056,1.0190263248950668
0.7339110963201676,0.8963390818664498,1.0,0.3263004244374197,-0.5509096387097289,-0.3646944157647378,0.14330102305810077
0.09627466365538617,-0.0971194769434216,0.473781798005976,0.21727469321938853,0.12212173817016869,-0.4830178255209546,1.541902566091073
0.40493111126522513,-1.0,-1.0,-0.798396656161402,-0.025994375458788133,0.20815717120279348,-2.7016733270377573
0.10411396388391254,-0.41425000521801847,-0.14741480213769884,0.0012535465791764233,0.9979042309866504,-1.0,1.4654372175796613
0.4855699677774076,-0.47789484805544846,-0.9209373673660478,-1.0,-1.0,-1.0,5.579302169736498
0.6728959189736752,0.6215755661383983,1.0,1.0,-1.0,0.8581856247118658,-0.2605806222067567
-0.07663713719524512,-1.0,0.45524704099631075,-1.0,1.0,-0.8659263996494293,7.65771258933403
0.16057841985246357,0.3456561471096805,0.8738597431887294,1.0,-0.17264904100644463,1.0,-2.1361217262041663
-0.10814546021743329,0.7142239917789939,0.7651178773441099,0.20272162829738904,-0.9162719578026401,-1.0,-0.30393416107047766
0.10100234251263213,1.0,1.0,-0.275235037098732,-1.0,-1.0,-4.131850820932557
-0.1935214150536101,-0.6290657492860634,-0.9491870748116137,-0.02335734323824812,-0.8331643656095951,-1.0,2.343116159713619
0.12803478791322354,0.3237697567276092,-0.4947660813635788,0.9265196575473408,0.7928171528313145,1.0,4.227998493055869
1.0,0.41799851661719645,0.5489022411569038,1.0,0.331721997368994,0.7291448196867637,-1.935744013275015
0.7727406124436991,0.1600106637044283,0.47306309889319687,0.5431141001814247,0.9849470448133615,1.0,-0.0207177459788781
0.3907965931961397,-0.21247545545869162,-1.0,0.36115860902567193,1.0,0.9645053163418995,4.329319898032961
-0.9061827503744766,-1.0,-0.17094160253450763,-0.7201485997347639,1.0,0.8180948685418951,1.0402379316480665
-0.8152542225924609,-0.9131821962035472,-0.9546660823550316,-1.0,-1.0,-1.0,4.8358373079007855
-1.0,-0.29351591047682896,-0.47058701417338117,0.33573241328874126,-0.7086506572480678,-1.0,1.2036961853797312
1.0,0.20217860605729854,0.9836084232822091,0.42091485685044155,-0.08585286244245416,-0.23891603898606917,0.7255788629605289
0.5525456485222835,-1.0,-1.0,-0.9830842684249905,-0.29911706712193253,-1.0,4.8223625148882014
-1.0,-1.0,0.5948606625495241,-1.0,-0.29058852712830385,0.8653703068652163,-4.29526381741741
-0.22373601183347547,-0.7186319078290432,-0.9931730975224176,-0.9394615065946115,-0.3177890417873252,1.0,2.9888713461081773
-1.0,-1.0,-0.5060960496350182,0.6614592330160541,0.49689954865405195,1.0,2.4566812548421266
-0.4103396412815734,-1.0,-0.5734484774061472,-1.0,-1.0,-0.8640629067405162,5.622677920453153
-0.5816454736118468,-0.35470655174948756,0.3221106308534983,-0.7508483552321408,-1.0,-1.0,0.9889159865943511
-0.4224221084975506,1.0,0.7809759980606075,-0.7543148467382019,-0.8624383662163704,-1.0,-3.087454727513252
-1.0,-1.0,-0.8627693337367854,-1.0,-0.4156693631362951,-0.2723485992698658,-4.699959439371089
0.024900531326052855,1.0,0.09170155165593408,0.6202262559521425,0.24905993858406414,-0.3002737761592136,-0.26204745140824337
-0.9406912783365806,-0.9883128796053335,-0.45293225022085903,-1.0,-1.0,-0.6812469808484316,4.068175799720161
0.1313382107478343,1.0,-0.6969819424353139,-0.44581358268699844,-0.7112683598027689,0.38278304816738196,4.113360078390019
-0.6639374806198803,-0.03747588688193604,-1.0,-0.0851621737884547,0.8606075116721611,-1.0,4.017832589896152
0.2624461919770067,-0.5977172225321328,-0.16113393191349534,0.7387701731619452,-0.9581778271818325,-0.3585809769975875,1.5491994002517908
1.0,0.29509667608213586,0.3939699883336001,1.0,0.7000206097290768,0.4694025844816131,-2.175410607163507
1.0,1.0,1.0,0.045651331216956414,-0.4868778140226625,-0.204580987725842,0.08878979106096063
0.4138899474127431,-1.0,1.0,-0.8394573095379356,-1.0,-0.20980111932314904,8.823571840504385
-1.0,-0.017332177967431306,-1.0,0.28350450931559523,1.0,0.775657152877639,4.447440418065271
-0.56837321019792,-1.0,-1.0,-1.0,0.2545196926977268,0.195617729019884,-5.135063753433116
0.32938554543297505,0.04339559947889016,1.0,0.042990967891105014,-0.11650288952527654,-0.09882660062722994,0.41846939082643686
-0.6038606856830415,-1.0,0.15234585284926028,-1.0,-0.773374608700617,-0.7937374256717813,4.547562896270691
0.5013162060221561,1.0,1.0,1.0,-0.045142582149498844,0.3754660074538321,-3.9014588398165144
0.33646961605177383,1.0,0.08369992600538836,-0.1671914114780901,-0.34401546555046025,0.5872079565784668,2.042113511287796
1.0,0.3168672891367843,0.759119008760377,0.5161985011312269,0.45538044143489076,-0.05387613491258658,-2.002744612291461
1.0,0.6786484412890182,0.8026453746668138,0.7563416343468133,0.7464158626517878,-1.0,-0.0008697565064272883
0.038513986463229566,-0.07525810103204589,0.5856822125037949,-0.7807951948048377,0.2690441221342137,1.0,0.5149531298148415
-0.6048302128379319,-0.043151283729084,-1.0,-0.19755862493454057,-0.37679353686629435,-0.4180728460133869,-1.4049451109408522
0.7772810582861271,1.0,1.0,0.8232590999455998,1.0,1.0,-8.565836739142954
-0.4059500848016604,1.0,0.7403355372102493,0.9134692859578843,-0.26649993247842463,-0.3584836086733122,-1.65356207593174
0.04575310266237338,0.4410106826424737,0.9012744162776307,0.9144909055017069,-1.0,-0.6112751701912358,0.24762303873642988
-0.7790475249518368,0.42707510645833363,-0.4030272814384608,-1.0,0.4999735510993515,0.22265812785428618,0.6291840239930121
0.11339938364076863,0.2823304899990693,0.8237234727630792,-0.07753018408841728,-0.7165292640092413,0.0857449629309833,-0.7217196817938865
-1.0,-0.368214744975208,-1.0,-1.0,1.0,0.4651255517748152,-0.1879815272399434
-0.5035038377429053,-1.0,0.04874033225490926,-1.0,0.5364656031698135,0.27693151405544447,-0.7335565427177348
-1.0,-0.19985867124892787,-1.0,-0.9425788300851863,0.836383314641931,0.5598341151734427,1.5093700704525126
0.256181291059851,0.25051292263424474,-0.6453942405578632,-1.0,0.962444426322629,1.0,6.621749038228611
-0.6437034625696317,0.5760470258067992,0.9134650011910396,-1.0,-0.43104532349544294,-0.26298622909869007,-2.8944008381034267
-0.2625229957339662,-1.0,0.39682293201648267,-0.12034815564766052,-0.2458997301206955,-0.3419475195812641,1.9787418701625605
-0.5666838607617734,-0.3350608304255842,-1.0,0.7272189786617009,-0.5652461567543547,-0.33292868599022957,-2.0736451699820715
0.47142833939367207,0.059140390831097955,0.21227778699808453,-1.0,-0.2228528382288285,-1.0,3.385174310526784
0.6044467294137836,0.5318030722867129,-0.703789998794817,1.0,1.0,1.0,1.6778732192612456
0.2552593274653928,-0.6290869122113738,-1.0,-0.9712523423932491,-0.3367546270931913,0.9426671376008077,3.1543721021727786
0.6095221859619413,0.2834035961813144,-0.09711303341655254,0.4466105474569685,-0.9722814471096592,0.7507766059240544,3.7399224987419433
1.0,1.0,0.2359779817373951,1.0,-0.7985113551607612,-0.6684589636045708,8.217767546310906
0.11500657785376145,0.5134481455775128,0.8347468150785305,-1.0,0.2318331210302157,-1.0,0.4752988039118575
-1.0,-1.0,-0.988164818497476,0.3135268771280101,0.49708741406095336,0.0507888289420213,-4.075002903239611
-0.8335258001419614,-1.0,-0.6021328787747404,-0.9322689956318055,0.3025686127162559,0.7772016750949657,-3.4437167992688735
0.24346055058612803,0.2458509140008287,-0.8967772518912989,-0.9376204783372075,1.0,1.0,6.4115846251038215
-0.5482944054965371,-0.9938332775284303,0.46341584454020185,-1.0,-1.0,0.6041818782576476,2.8659109732285795
-0.08927747905125405,-0.4566227079416159,-0.23203430466555242,1.0,-0.2164849211764015,-1.0,1.913294218446274
1.0,1.0,0.8307125658235364,0.5522790700000606,-0.4602732499431873,0.42422817781313704,-0.5282464501205727
-0.3759652321415874,0.770440988633248,0.6177298487701937,1.0,-1.0,-0.4110562079269051,0.30791802692084724
1.0,0.6946338955581525,0.2080542817505282,0.8902678735548475,-1.0,-0.4234218136339792,5.186056749108968
1.0,-0.7354735074870864,1.0,0.2245074615269304,-0.38433743290889444,1.0,0.6567970391419031
-0.9788807381419591,-0.2036035928545757,0.34221254010229807,-1.0,0.44404479706024946,0.784085039298095,-0.2981661591438901
0.66706096792486,-0.3553411844031138,1.0,1.0,-0.5823677165683163,-1.0,3.943163828449995
0.2602148433061099,0.6942719125279125,-0.32599817861647823,0.2952799548329571,-1.0,0.0874374831430299,0.40209318497130664
-1.0,-1.0,-0.7647304492728291,-0.41590477402975995,-0.6751956981612273,-1.0,2.3610494348521205
-0.7200697942235912,0.6566825762749575,-1.0,0.019421790635955172,-0.6914834432201475,0.6398798941943173,2.450266957083486
-0.3195088875286541,1.0,1.0,0.9297152510694324,0.5168727722136045,-0.15843809070185866,-4.666081364153421
-0.5311012423365506,1.0,-0.052875650308467484,1.0,-0.03262835088810334,-0.2145776862339489,0.41658270519682233
1.0,1.0,1.0,1.0,0.9001238523969307,-0.036165317116272966,-6.805768859329237
-1.0,0.024459488620998338,0.3582393417990784,-0.2901910925441874,0.8516679146872324,1.0,4.154362859282057
0.7780931123562909,-0.18272815474755377,1.0,0.1338461435630311,0.3109682326574068,0.8764171809109143,-3.2195936638953206
-1.0,-1.0,-1.0,-0.08514571643100055,-0.15653475024037067,-0.9495688762489909,2.051300088841278
1.0,0.1170845837629566,0.29973645113549596,0.001863580952645827,0.7437896125917897,-1.0,0.6384618843190347
0.09930193056462117,0.5073998038193286,0.1998293349827978,0.8998338143007842,0.4067429171134827,-0.3708445206629102,0.10291244471412091
0.9384117352502788,0.3266226770704763,1.0,0.04782961482349557,0.12964583952022665,-0.5417205119145028,1.7601386132890897
-0.06967248592814568,1.0,-1.0,0.14280260680559465,-1.0,-1.0,2.7329806465903883
-0.22173064612530297,0.5135950187979527,0.22179361686027985,-0.4035326966829898,-0.9412398835242224,-0.28688203384956656,-0.3632368768121686
0.9448187683064879,-0.3376400174596329,0.8023120012195499,-0.3500883547249626,-0.9505344269567536,-0.6256892857663761,6.23631107965733
-1.0,-0.8663492553427283,-0.6862933222125782,-1.0,0.6931948973660977,1.0,0.911185151579573
1.0,0.154353225753026,0.8791910298973002,1.0,-0.04225357928370793,-0.9597252026610961,3.526627509937903
-0.22281564968626577,-1.0,0.5960606059197204,0.20259851560106343,0.3551332634699571,0.279158694392799,1.1609455437999752
1.0,1.0,0.3306675613621878,0.2909401413700639,0.6337713392159654,-1.0,0.4686787564478868
0.25924122355600066,0.7836620818394561,0.3061945421011014,0.1586871287037689,1.0,0.8492748228473502,1.2483269737107352
0.5711458389899058,0.0935278478557966,-0.40516672678212595,1.0,-0.19919990336083868,0.10818646720328212,-0.5791653710614688
0.4814703561925035,0.5771464080986004,0.04953718165650521,-0.07356335725194713,1.0,1.0,3.6953973126806976
0.36212144402129476,-0.4138616775270494,0.9797504972541211,-0.4365347542470244,-0.11258362646919784,1.0,-1.7686674842843304
0.012410744751494174,0.3802833786302137,-1.0,-1.0,-1.0,-0.8045057897951711,-0.7624078802847738
-0.16335938324787258,-0.4314782068176123,-0.5691386215983065,0.47882168330750335,0.7172524841530458,-1.0,1.9879359942990507
0.9886460530416483,-1.0,-0.7745869976386068,0.17667857400691028,0.6338641473702459,-1.0,-1.3800704654340723
0.8983675601400976,0.43642890337745155,1.0,1.0,1.0,1.0,-6.112400383924244
1.0,0.3275623608124204,1.0,0.19546550201169655,-0.4302016050154955,0.4611246942793389,0.693015636874919
1.0,1.0,0.24572944059187218,1.0,-0.04342447581018649,-0.1492721195685558,0.7723395409751688
0.44340621510620853,0.4125040203821887,0.26861733108559926,-1.0,-0.7752142378801945,1.0,6.967583964243696
0.44282938900916025,0.9170377288174856,-0.08462259215349319,-0.3420890953542944,0.1252954045400443,0.5371957910050027,1.743908116747507
-0.01944845734699041,-1.0,-1.0,0.06573345964313515,-0.05474525144822073,-1.0,2.26883555741714
1.0,0.6962950123841121,0.7482610729287889,0.875863522362706,1.0,0.44487382532678,-4.812920947618173
-0.9396158136008171,0.20551618290206156,-1.0,-0.9635845455860845,-1.0,-0.5333396966783193,-0.8717627821360692
0.21699902631906254,0.0520141189920692,0.8250947081992268,0.8585948021343319,0.9358348183523224,0.521445540156007,-1.101403406243286
-0.7811205008097974,-0.3205114107607432,0.7739092922698518,-0.501271033517053,0.2695685582251456,0.21727880100672192,-1.490473297725574
-0.5760128134571947,-1.0,-1.0,-0.29006643013439415,1.0,1.0,3.674838740706758
-1.0,-1.0,-1.0,-0.2529293047603771,0.40054183561050694,-0.23330343003444384,-4.159331160302414
-0.06291971783695716,-0.34919116752922597,-0.23621876256752197,-1.0,-0.9818000520102192,0.12286922854513854,2.04065117451988
-0.17607844828841546,-1.0,-0.1880413684406475,-0.4110255566230705,-0.7784298082698646,-0.5489726316167586,1.799433648942129
-0.2886639060587084,-0.26939894025236866,-1.0,-0.9632705204727918,-1.0,0.6204881403894165,1.3435616307355274
-1.0,-1.0,-0.8098194376690888,-0.5622933214999211,1.0,1.0,1.063724908182047
-0.6581140333998547,-0.8955936519335381,-0.5770239906274238,-0.8623844841063923,-0.12600750555457052,0.12625528012773868,-2.8187723243353915
-1.0,-0.10579298896799244,-1.0,-1.0,-0.4592093249366477,-0.9761413330073276,2.791271693756612
0.026380841193036852,1.0,0.26257037531310656,0.5667067030129309,0.8599929712262822,0.8423184312406078,2.5115720975872557
0.9090687575218026,-0.31977731813992394,0.010182629561765855,0.8354825077995363,0.11503120921613208,1.0,2.2662041791626204
0.28532731529659533,1.0,0.5527896967712331,1.0,-0.08704326962860587,-0.46038101859186376,1.0500943494155246
0.3390263742802615,0.20923698852063088,-0.9470446861080486,-1.0,0.5294101198566885,1.0,3.977018369610505
-1.0,-0.47207003370882883,-0.7782540390669819,-1.0,1.0,0.31667323516869783,-0.32041967838218494
1.0,-0.32969735040106807,1.0,0.5166375483919647,1.0,1.0,-4.665136404892626
0.5706373825845674,-0.41265728483283276,0.45014454054176833,-0.20535166679812922,0.26875326164543795,0.5807114361197875,-0.07830010220672723
1.0,0.2812845257037664,-0.292481049763007,0.1720386755464931,0.3319062409625225,-0.4415354588749115,-0.031192252779101592
0.9569099058603417,0.09920940654601762,0.49398900092520515,0.751597514154963,-0.6749044602133178,0.4201092035917948,1.762153887383492
0.6972577517460723,-0.39258212795735464,0.8094297738419527,0.33068591007369874,1.0,-0.5031343572420951,-0.2968177509294361
-1.0,1.0,-1.0,0.389159947086449,0.20595697661480816,0.16610488965861292,2.2589826014722454
-0.4995163145069695,0.9030777588871362,0.08581502563315335,0.23867109533464093,-0.4088824272562843,-0.9927173208199487,1.9124134621319917
-1.0,0.5396217079650544,1.0,-0.8520820677880172,0.7778376983768274,1.0,-1.2122724571661192
-1.0,0.1891340107310555,0.3864206958996086,0.6863194492917539,1.0,1.0,5.14350975765619
0.35790735264999457,-0.0846071909904609,-0.27928869417678465,-0.1842510351846275,1.0,0.35370726617425874,-0.4481693019248306
-0.12773064985337262,-1.0,-0.7143320434672724,0.9049110721541006,-0.13304968011462204,-0.7215870725599165,-1.789664011563276
1.0,0.6817874267807476,1.0,1.0,0.8327008590340256,0.13486131336666196,-6.2461150835245025
1.0,1.0,-0.27833418537689214,0.11435109916516739,-0.5182233202879387,-1.0,4.999127869776304
0.4905600917668679,0.12720132133472983,0.29327137930472114,0.48466549364869504,0.5227361276933917,0.6525032329118623,0.02529359706165858
0.4367675869370748,0.35066905092427736,-0.2625912235874951,0.3652852856158721,0.06281243659759689,0.5985838507186603,1.4151272719225072
0.32673185141517314,-0.4562881684231685,0.18751398716984347,0.6342974764462941,1.0,1.0,3.2513829897154043
-0.4136853370459753,-1.0,-0.48683105554511097,0.2012456879779465,0.07167374306272478,-0.3788651516602558,-1.0474715457286503
0.31521675737753885,0.6993180081977324,1.0,0.34726017819380917,-0.8965175543931502,-0.4131589249023835,-0.4571453095903819
0.3901967137206188,-1.0,1.0,-0.14674552377441402,0.5057710806857354,0.05207575948934756,1.4704452872097407
1.0,-0.2022574382813105,0.2522389021967935,0.8766648209649965,0.81973331355061,-0.8061336399084817,-0.46192379219807284
1.0,0.8776006152029634,-1.0,1.0,1.0,0.23893863551721806,-3.777788915014054
1.0,0.15212545658532184,0.38778299896300106,1.0,0.6368678364547383,-0.9853471207473878,1.8283484683866376
-0.3169754984914127,-1.0,1.0,0.6316548148783528,-0.8903979458299593,-1.0,2.2485240071001185
1.0,1.0,1.0,1.0,-0.09405971183034723,1.0,-3.6843074679077894
0.2711240733745537,1.0,0.007342416936662266,-0.6646639898552732,1.0,0.9203039768106152,5.981843142375982
-0.18084069110392753,0.5263890320252762,0.09766545875473295,0.6185138596898142,0.9928859688454512,0.23174428703420902,1.781762450320632
-0.3757556178037269,0.23375598052581137,0.9379202637334294,-0.496334479405496,-0.36814971968676846,0.6004349326509298,-1.8604902006461261
1.0,1.0,1.0,1.0,-0.2281157424628475,0.9054615624766891,-2.9827047216286666
0.2207028672177982,0.3249015083291628,-0.31268056734671434,-0.8912109226038045,-0.9061524075330991,0.19321248288228943,1.7656106302916532
1.0,1.0,0.30601556589276147,-0.4360705373932733,-0.37343634071957577,-0.7460877306811846,2.533017698246703
0.8915011837028051,1.0,0.1889526384775524,0.8332307290486137,-1.0,0.4099253672587597,4.754363309263302
1.0,1.0,1.0,1.0,1.0,0.9934615344939124,-11.176843569953325
-0.2866948021180746,-0.5211256645151204,-0.9533726481706697,-0.50579702635366,0.5907875926497399,0.26928428134849935,0.019552235012741614
0.6414896891137079,-1.0,0.8862730810246024,-0.690446148838298,-0.42625896744788394,-1.0,11.311218280170245
0.07329509754311683,0.7759934080422959,0.3356639339188796,0.31838009933466427,-1.0,0.4717752546765138,-0.018642742485252994
0.17864325886447152,1.0,0.688469725888695,0.1280795343205338,0.9875749256604092,-0.7052378345165905,-0.4235821789631531
-1.0,-1.0,-0.23984256176217544,0.04154287927979478,0.6593015811335698,-0.2813683617942819,1.9338021748121597
0.3360474542033549,1.0,0.4832601232358741,-0.08848900887669042,-1.0,-0.7188488292322759,0.6003253938502378
-0.24681017655675097,-1.0,1.0,0.8070795956288075,1.0,0.8931423275898057,-0.10911034503089723
-0.2171302635176423,0.6511810831997535,-0.8889497858090674,0.0777222124780606,0.34109893813578007,-0.06436447042034671,1.0102825800975965
-0.5253904936770695,-0.46879259901436665,-1.0,-1.0,-0.6608908538187838,-0.03815456968961628,-2.4554813222064023
-1.0,-0.013721861807996782,-0.1162431615861643,0.06555152985831075,-1.0,-0.6858121162742994,-1.584818982862458
0.6327249262634527,0.13397661743134753,0.5961342133537125,-0.2868321395355396,0.7835049038707478,1.0,0.017730720887374124
-1.0,-0.9491929877833298,0.4088815454610535,0.14583056779969383,-0.314082990862881,-0.2660919989297477,-0.15124481995745498
0.1678610317662515,0.5361676170945158,-0.3812846670148598,0.8099861539151129,0.09569241840575221,-0.2520594001088295,-0.10314981939686814
1.0,0.6215209366603883,0.6988682755121536,0.757293863089308,-1.0,-0.18174005150592965,3.969514415732726
0.9849388022092763,0.5219724434643888,-0.5483206999619293,-0.8250410297279505,-1.0,-0.7746920229901997,5.0745653940816995
0.6753133985395741,-0.4672185837451523,-0.4509440443152023,1.0,-0.5617841615514411,-0.4465395291609671,1.4565481164617986
-0.23134704432438224,0.03287055910837294,0.01761805088149604,-0.5649277082415088,-0.35663939992824023,0.46214108976024815,0.3864370796326587
-0.19044837327717046,-1.0,-0.3796348736976458,0.6330504099814835,1.0,1.0,4.003313823346858
-0.09661615402406426,0.8601339501669011,0.6939289416312777,0.8899277262847829,-0.9795582860662131,-1.0,2.8437853229356977
-0.39306514708530177,0.4512568442975893,0.09724387133730797,0.4720270601638622,0.5608025524269938,-0.21662838129894668,-0.45842578467331396
0.09078352744776019,1.0,0.32967511390662774,1.0,0.23852245204148761,0.5026982896950402,-1.6529976281566932
-0.9114633962338651,-1.0,-0.7392908107270811,-0.8240244950875255,-0.9656169702935266,0.7156760932566806,-1.0053032085395606
0.043799602147618105,-0.1441263774825392,0.18384582270779282,0.6678575361568821,1.0,0.6874058827765184,1.8641517535926129
0.8794782745996415,-0.6895314410347784,-0.06884400159508253,1.0,0.2170064733707704,1.0,4.57277897123986
0.013436031326436337,0.5104183336952726,1.0,0.3688227685502622,0.9560652312531908,-0.15999794755570473,-1.1800677502255044
-0.15039190657567525,-0.34835444704661644,1.0,-0.04663196098685968,1.0,0.7782906642725576,-1.6707895325322724
-1.0,-1.0,-0.2692441223349662,-0.6487665410031167,-0.6736419121590022,0.7844781650082351,-2.0549149254063748
-0.21856061292165346,-0.14185023428969779,-0.6579007404188068,-0.5296751209328,0.9061063114054559,-0.667772910723555,0.4723081881359702
-1.0,-0.3751433701901592,-1.0,-0.11388091934303102,-0.5957349189633494,-0.8220131252703886,1.827665052332633
-0.35860200728445624,1.0,1.0,0.5053145842613209,0.9716190298502196,0.9587172413053229,-1.9879540614182183
0.7495927193859184,1.0,0.18215418960505725,0.8249628487827114,-0.5527538973236709,0.7025549410488583,3.5085291554556886
0.849945337141861,-0.5108344556231793,-0.057061921477737754,-0.3166860839222878,0.35657937668975437,-1.0,4.969010834858626
-1.0,0.239286963557509,-1.0,-1.0,-0.4421699257705454,-0.279406763276427,-2.2887898576987253
0.8430148455025339,-0.49316291366454823,0.0242697978066167,0.9786055555584346,1.0,1.0,2.295119546622579
-1.0,-1.0,-1.0,-1.0,1.0,0.8351475436890583,-3.0992043122850865
-0.23092528564700032,-0.32229798131783954,1.0,0.7791403162147221,-1.0,-1.0,1.2646527372298766
-1.0,-0.3288687511956119,-0.4667388841395464,0.05596408025172195,1.0,-0.813073246188421,3.5984250056183074
-0.5421494276934817,1.0,0.4248124569154055,0.39711674335907443,1.0,-0.35827929899932137,1.3257228713936131
-0.03499501595113186,-1.0,1.0,-1.0,0.9713200258673969,1.0,-4.665189244445961
0.8732296401103912,0.5394297835330951,0.6060027766984378,0.49590601366964304,1.0,0.6024715712526428,-3.1887530558211252
0.8933615027396177,1.0,0.3896712256549642,0.6394425810215498,-0.07246535615840927,-0.7194263154068027,2.5781199028092217
0.7453371361192206,-1.0,-1.0,-1.0,-0.15199298731370892,-1.0,3.901372090966104
1.0,0.4482855811715858,0.7952577386887985,0.012056786515940443,-0.2531474843037186,-1.0,4.810676488103425
-1.0,-0.9422411877569195,-0.1338915163305996,-0.02930879841091716,-0.23380862824010698,-0.6527490726396039,1.2268444701777323
0.7438831373916968,0.24495855587269588,1.0,0.06341781289483372,-0.21303343623190685,1.0,-0.29058329756024215
0.4210009651115326,-0.4980981468164627,-0.5518151787351839,-0.19589558642425642,0.6333281703957087,-0.7550778568300521,0.7963094581098564
1.0,1.0,1.0,1.0,-1.0,-1.0,8.65769178140785
0.4145978978059756,-0.2751917535457067,-0.0097703850318972,-0.2995514950537432,0.5046173228057729,0.0036290549328307775,-0.20828311907412883
-0.19160696127127055,-1.0,0.655408620482432,-1.0,-0.17405113389430854,1.0,-1.2758025474670132
0.12894643583778964,0.3111436708425319,0.8512020726966107,1.0,0.11672109261275954,1.0,-1.1996777435917803
-0.8404805936877124,-0.6442345975678858,-1.0,-1.0,-0.4085267888806029,-0.7475440327430836,2.2808723583389936
-0.9055316364697539,-1.0,-0.35911152614183656,-0.16948296888442438,-0.0318915590217852,-0.003846206332101615,-1.4130683430136814
-0.8017190447673075,-1.0,-1.0,-0.1376973254783379,-1.0,-1.0,-0.3995350369640437
0.3339937570375406,-1.0,1.0,-0.5472869970794587,1.0,1.0,-3.348475654015381
0.4339143562753214,0.2523798685373243,0.6698225521413125,-0.23302020019167813,-0.17872983816328153,0.5032415173889299,0.17456289827134303
0.10658531280987016,-0.17794252499319885,0.6531578550168983,1.0,-0.18633497256719883,0.2056743797789789,-1.0820302580476513
0.9130831666410973,0.5540031030635966,-0.42307917599221867,-1.0,1.0,0.6110984251744456,1.737068219357499
-0.2962429109119335,-0.29015146976465056,-0.20691366557958085,-0.11908048282000866,0.15936352959644212,1.0,2.9593160441393516
0.6477515443571065,0.1877254270555676,-0.3705718939869145,0.09963086990399384,-0.09984331986944517,-0.5072598175151093,0.33164040459187605
-0.6824481376598146,0.27886338328413035,0.8149633323698475,1.0,0.42828986681862213,0.6602120803137528,-2.167918956320419
-1.0,-1.0,-0.1704312496083853,-1.0,0.511875085060293,-1.0,6.167609995718125
-0.5464205484377814,0.7437549278370086,-0.39904006782393886,-0.32365441490785873,1.0,1.0,7.942163710547211
-0.9856842919005231,1.0,1.0,-0.8514085992570217,0.1323597252752441,-0.7111735306949165,-5.092810728068081
-0.08815263269968693,0.9684671802281706,0.3664080837861836,-1.0,-0.9834796449968768,0.0348727273821382,3.234199025961865
0.4151812763339911,-0.499351456142805,0.8427350827593569,0.3977140357521277,0.7383440693989515,0.6720415036885925,-1.2895459877478437
-1.0,-0.7218191076905842,-1.0,-1.0,-0.8566803546340332,-0.9524482041761091,3.4990179318134462
1.0,1.0,0.264538355971129,-0.9254876077057126,1.0,0.9913812132743731,5.407077202306005
0.08764835322957465,0.11997992071094643,1.0,0.3708064892983798,1.0,-0.18050644912588243,-0.8667170258458868
-0.24458601059075025,-1.0,0.7398573324366208,-1.0,-1.0,-1.0,9.628603395550607
-0.12017717978437562,-0.24154118835684285,-0.43113807791378433,-0.2981343463753052,-1.0,-1.0,1.8095978391279606
0.8190337316550954,-0.20673055521390132,0.5898688160137828,0.7464156370019062,-1.0,-1.0,8.323617635837994
-1.0,0.06868212447833288,-0.5619422412708229,-0.06001214059973892,-1.0,-0.5960847068391575,-2.99040812190655
-0.8525853439071596,-0.4727477972000372,-0.10556816448496725,-1.0,-0.46239284606494335,-0.6582380296434153,0.9701824918280488
0.7707337460709756,1.0,0.8808878566840822,0.39683824791178424,0.06930503944101374,1.0,-2.030311428368867
0.8085171791361925,0.02123032896078486,-0.17583698686243682,0.36000142280510183,0.07668463352187005,0.28183638406847766,0.26291461719963216
-1.0,0.09523186408903461,-0.8960748600304707,-0.20574566504962505,-0.8836114441139498,-1.0,1.0882765124760931
-1.0,-0.8901365787679631,0.09903234142336348,-0.642787447296026,0.6211399907327135,1.0,1.8530216706812621
0.3633543558489488,1.0,1.0,1.0,0.4842149387365373,0.9519217597345075,-7.0705426789501304
-0.5562568316354396,0.06900780423276975,-0.8487942324867208,-0.5431221064397289,0.1497651743898002,-0.303944923493086,-0.8127769624643307
-0.6838389294860174,-0.3551792768022309,-1.0,-0.44738969022469144,0.5279009817846991,1.0,6.497814161713067
0.062246298779897735,0.03805930869574581,-0.4851145127197568,1.0,-0.5830569681389084,-0.8621827951017538,1.7299259600249532
1.0,1.0,-0.5690671147107,0.7271136663566717,-0.8871012855503,-0.8887224040950921,8.155066822986514
-0.04634932093878508,-0.18811634983112624,-0.6163665610386218,-1.0,-0.6006326038661587,1.0,4.193803655593624
-0.3556807735236307,-1.0,-1.0,-0.7956380640930079,0.2235772269447996,1.0,-0.2429233160292268
-0.5052502150988729,-0.2298135105206306,0.6662221963360216,-0.3514929248022265,-0.14048217481708403,-0.7515732586816898,2.881506435746405
0.8137696423559666,1.0,1.0,0.46148397894292104,0.999776625418911,1.0,-5.755143691306219
0.023411599014910633,-0.18613987936267806,-0.37510522907644583,-0.22527955012289377,1.0,1.0,4.189516800485883
0.5901492600475324,0.5773415008406081,-0.5018160011419179,0.47437604172360437,0.940468171207717,-0.13816771307022574,-0.9069310553330192
1.0,0.11539775910718642,0.6827067384581169,0.6405375551325674,0.1493820526824139,0.3436611070953597,-1.2909361846031684
-0.79818719921754,0.06313350583007482,-0.1727813111402397,-0.02898859349741817,-0.003833681712703818,-0.6050484519015122,1.4624129603049405
-1.0,-1.0,-1.0,-1.0,0.6157514640017892,1.0,-1.9621454146029258
-0.48870126341052716,0.18792120203741386,0.42601167841221654,0.36519890631707064,-0.3540101592592456,-0.8685789362760081,1.5180470196156468
1.0,0.7183855674155639,1.0,1.0,-1.0,-0.7504107850003159,7.488369506716502
1.0,0.1974650631612136,0.5501163695126334,-0.3486211344564401,0.8440447001170029,-0.32397239083284013,-2.044588127916854
1.0,0.2253261807603879,1.0,0.0929135191812378,-0.30750264841565794,1.0,0.25136666629698334
1.0,0.9516647093362056,0.6140915479264885,1.0,1.0,0.4222135201627415,-5.80800104776615
-0.03645179306214168,-0.7732148541639368,1.0,0.26635116734441056,0.3445452513159706,1.0,-0.8658980861966774
-0.4057569427285075,-0.205017344831249,0.8505973911867227,0.3252785401009755,0.8002838325542112,1.0,1.1489134653425448
0.402177308993672,-0.5802228506517008,0.24875900287577157,1.0,0.46503166916301497,1.0,2.8159877942081173
1.0,0.04352049728509577,0.5115820324074312,0.9474471669312678,-0.4653563541792026,-0.008132653676992452,1.4925680570259716
-0.03717599351236056,-1.0,-0.32896647476207175,0.3364093963071719,-0.5127169179021802,0.6152505450389871,0.021708574873899544
-1.0,-0.9028216723677688,-0.27764760509227804,-0.8849554309397387,-0.0677959100109361,1.0,-2.905499013803243
-0.18340556232036387,-0.2215295882303154,-0.6226606180309334,-0.5543732207380865,1.0,1.0,4.2006315294202405
0.28774623139378974,-1.0,0.12462741427346075,-0.15177210493600013,0.42144530151686743,1.0,1.80614810518352
0.9142596769692681,1.0,1.0,1.0,1.0,-0.05374842391864959,-7.768479081250585
0.7848826790748937,1.0,0.8129008897858885,1.0,0.690329818114069,-0.40559246796420717,-3.9967333281741837
1.0,1.0,1.0,1.0,-0.8660332253198963,0.7938227710522205,1.4151074190609598
-1.0,0.06035203459683158,-0.8168602550918348,0.6581882596969897,-1.0,0.9303005518722482,1.931819793512783
-0.6517891557852908,-0.1712341754917408,-1.0,-0.41506552074887226,-1.0,-0.4513745919479546,-2.2262391185557773
-1.0,-0.9272153103416771,-0.5710395926013063,0.0329727501754067,-1.0,-1.0,-0.5275929150727461
1.0,0.6053157669717562,0.8661478364559281,0.9284991514482643,-1.0,-1.0,9.46952331658063
-1.0,0.386914366576692,-0.6124174156084303,-0.05599612977496138,-0.5524295946580343,-0.6840445309539165,-0.7473749836377641
-1.0,-0.7225340260254445,-0.06244283730017042,-1.0,0.399032712533147,-0.6295468007790925,2.604717394460906
-1.0,-0.36838528862991304,-0.12162057695582296,-1.0,-0.4198162540192404,-0.8247804100416563,1.6565239273337387
0.5029529910443732,0.9893081316340657,-0.0633679919076362,0.540274468538775,-0.2465094237840958,-0.5338434058572558,1.32758262547924
-0.12288867835378847,-1.0,-1.0,0.6360709262463589,-0.5161156056744058,-0.9585685930682248,-0.5802575743752023
0.6118424627066863,1.0,1.0,1.0,1.0,-0.5982879257477826,-6.26113699466242
-0.31535484792529656,-0.29422059463583494,-0.12415135828931467,-0.0034439438420204027,-0.26896662557871953,-1.0,2.8445502564961567
-0.17383987557981995,-0.5459248853937628,0.38300582079691836,-1.0,-0.9619893470083403,1.0,5.181467217614276
0.24135423272182288,-1.0,1.0,-1.0,1.0,0.6558247426258821,-4.322039742736074
1.0,0.04164251382745249,-0.24258473505824085,0.6325385972714219,-0.8489360172358978,-1.0,7.460303907441584
-1.0,-1.0,-0.4719083471264238,-0.6406404621448007,0.932502443384873,-0.18913861243890462,0.1454723846483607
-0.18812609369114705,-0.450073896250348,1.0,-0.8790549203392286,-0.6963310888408399,-0.9298065233689579,1.7739513636326842
0.19619537295719994,-0.5419220986734706,1.0,-0.2853452023720606,0.07815267506928159,0.8988409812256295,-2.4974428718516637
-0.47284645988892926,-0.12988850595592694,0.025797662377414488,-0.3825174582915827,0.17073703664394757,-0.2803422964009387,-0.14735923902210335
0.3020335512552863,0.21909545784835238,0.6152665569126297,1.0,-1.0,-0.6850080523513877,2.115680287609494
0.5510549690833745,1.0,-0.04519239687280702,0.086168489317754,-0.5320389286255296,-1.0,3.2231351625830773
-1.0,-0.5207292555553629,-0.39000007110513013,-1.0,-0.595470486532384,0.35734849141677116,-1.3654497549134195
0.4243362983328781,0.7476659517643398,-1.0,0.9515879146232865,-0.8164333698083319,0.5265711960436426,3.5908552627292476
-0.008996612059716025,-0.7155321364015901,-1.0,-0.3623716185748518,0.8402778252069535,0.33710930281221546,-1.7977146545787472
-0.6672859176974753,-1.0,0.03503682942128272,1.0,-0.39693974335436755,-0.4001747293402649,-0.5041481256032375
0.9189161789799121,0.319436390262206,0.21858367495956593,-0.7324596488406909,-0.32218363713674214,-1.0,5.325471337443804
-0.46913335893586544,1.0,0.20867879570262327,0.05705180869511606,1.0,1.0,6.574332687571482
-0.01728496021394621,-1.0,-1.0,-1.0,-0.660455067168155,-1.0,3.9679635165327056
0.3018558660775287,-0.1662530972701679,1.0,-0.337726384702801,-0.2431534986802062,-1.0,2.43006276887561
0.3756941572530904,1.0,1.0,1.0,0.017754772806820918,1.0,-4.988812707041423
1.0,-0.3901764986224305,0.9127291340764035,-0.69894575255954,-0.12081728286819521,-1.0,5.540486285577479
0.8698022180510296,0.32918675806953274,0.4778055818379235,-0.6376334390798537,0.16810984505765525,1.0,1.2345522214087636
0.2434808607164054,-0.20133969659235745,-0.9473377586879433,-0.25104460623138414,-0.1643442244500432,-0.4074042129027845,0.40601045158259497
-1.0,-0.3460873873312682,-1.0,-0.0016401491685700265,1.0,0.6397657282602334,1.8632183406347482
1.0,0.5620325508118904,1.0,1.0,0.2536326487302315,0.046710950805391005,-2.5442198705187202
-0.20804848839857104,-0.8798927113466939,-0.10189393568332633,-1.0,0.9922375291743588,0.9109107579357454,1.3434137369654366
-0.6281374309462441,-0.6049595757030262,-0.9052952982928386,0.7368164733159556,-0.6729280415776762,-0.13901262524569508,-2.3556177227892214
-0.9599919112260045,-0.20613999797900695,0.02415958130323348,-1.0,0.3402799800744046,1.0,1.464187556487269
0.869309489741142,1.0,0.5025279587796438,0.6557079662227863,-1.0,-0.7668042620132596,6.21367406788778
0.44913489664683115,0.7901539599870242,-0.9438937187023065,0.958506856953342,0.7125714206469972,-0.1401428245621047,-2.8860674377540514
0.8759236401108085,-0.20204997083907972,-0.09318137222718643,0.8360216474518062,-0.9856332846925335,-0.5549990183611118,4.809931663144415
-0.2340741755809449,-0.020203939070970733,-1.0,-0.34022484753395665,-1.0,-0.286448727224624,-1.0260278694475695
0.7373950880149587,1.0,0.8459996006810127,1.0,-0.0006023574843463386,0.8522466633855776,-3.3900276782558385
-0.05212249552507431,-0.6495518128515878,0.8345662713364036,-0.34218106970959294,0.4050529741613401,-0.12694944728075042,1.233947181873049
1.0,-0.0093002514535791,0.1628661311489008,0.3563169346087529,-0.9893644681374923,-1.0,8.537515440937042
-0.9983553665316638,-1.0,-0.8237325275065377,-0.7488657541830293,-0.32960913008548975,-1.0,3.220666193711948
0.32199121093711647,0.9931449488214615,0.28517032978415535,1.0,-1.0,-1.0,6.596611296248143
-1.0,-0.9580463138925821,-1.0,-0.496744849543723,-0.6707777215094912,-1.0,3.154574123841304
-1.0,-0.4754668598694677,1.0,-0.6065941760082602,-0.04740477191569625,0.9839416128621106,-3.785098649699924
1.0,1.0,1.0,0.6718911563957126,-0.1643289047752011,-0.8482258696130489,2.1995527029740387
-1.0,-0.9567166025141799,-1.0,-0.3890674362180191,0.5106377182368033,0.7478249557460155,-1.0278216182007291
-0.7265002375509026,-0.5895936180871063,0.23278115106496905,0.8455392597874938,-0.569785622084849,-1.0,1.5708315428620199
-1.0,-0.3034000962813421,-0.17295545032137868,-0.9288364120950893,-0.23336090367968365,0.29136893081996607,-0.6045509380089875
0.33443643828638114,0.1311523036218556,0.5244689181649687,1.0,0.8120653926037139,1.0,2.684583449560183
0.6996270276278074,1.0,1.0,1.0,-1.0,-0.33207566696608515,2.919449599053942
1.0,0.16280131937316822,0.6797569678765009,0.897011365090348,0.7060475222806488,-0.19716447403371296,-1.9429110124165452
-0.7527445418041669,-0.14174757215968392,0.43772628255792856,-0.3784113798911015,1.0,1.0,3.4623526173701844
1.0,0.11708613616456104,1.0,0.8801917519984042,-0.5515714447371524,0.5342975221480539,0.009335433477796418
1.0,1.0,1.0,-0.06335177137229017,-1.0,-0.05172801188981069,1.5020251627658163
1.0,0.05955283262439648,-0.962535514970108,0.7788369484905613,0.4956730044870039,-0.1412021214058563,-2.287338549255938
-1.0,-0.7284654962759542,-0.5191296389165891,0.814501132702925,0.11539756532762496,-1.0,1.816285692183016
-1.0,-1.0,-1.0,-1.0,0.20647856811015075,0.060356751372482115,-7.819916924473559
-0.19302385933234847,0.08499178317959633,0.45201911744920986,0.9707904137815673,1.0,0.34391791735365973,1.4043362295745512
-0.1035708846803719,0.7325156612850391,-0.793193491274272,-0.26226619346018787,1.0,-0.8828860678446185,1.3020213263962164
0.6635450777400108,-1.0,-0.7257326214538959,0.31217447174089336,0.061141576784824236,-1.0,1.2059679828481973
-0.9957428091016032,-1.0,-1.0,0.04896991871466061,-0.4978237495872498,0.013246395413264445,-5.060659613884127
0.24040509783245934,0.09685425601737707,0.6408749698130731,0.24903052033429665,0.0935981539099753,-1.0,2.9370943810235097
0.9471721098670125,0.3496748477165123,0.46905813769067994,0.48542494983468343,-0.03870099508396663,1.0,1.5940979455955013
1.0,0.3864228496880995,0.26063970262803227,0.027922872870706383,0.5649530364254319,1.0,-0.010957549134781197
-0.21240181627379892,-1.0,1.0,-0.6747933127917003,-0.38723020776071304,-0.48344033415624166,4.543001957193614
0.21740063275087873,1.0,0.9142752161071172,0.3303448945359926,1.0,1.0,0.40802964787837737
1.0,-0.5101265329870117,0.2045216089623143,1.0,-0.40393969339426905,-1.0,8.244011039672705
1.0,1.0,0.8399216821053651,0.21654746678368442,-0.3139688370925997,0.1464402007260751,-1.137379437788376
0.21139240063385012,0.45841622029010404,1.0,0.2702899361589335,-1.0,-0.7384815448534497,-0.36964070772231616
0.9062027159589718,0.34138114384013385,1.0,-0.19165541424659072,1.0,-0.07093615147464372,-3.5586045434917875
-0.5665116082274494,0.8457382645858111,0.6758637102484357,0.2921718726414751,1.0,0.3160553297558324,-0.06356923613724254
1.0,1.0,0.2715998945731666,1.0,0.45608949601008564,0.5900619109113725,-2.026157406056477
-1.0,-1.0,-1.0,-0.05819022079053404,0.5660224798541876,0.6979468652406118,-0.5359761548862325
1.0,1.0,0.7004874292705274,-0.9332142604798793,-0.05941523206232269,-1.0,1.255200366322026
-0.8318624358867254,-0.631595294851141,-1.0,0.1750946678244405,-0.17810188223110734,-1.0,3.94763413693917
1.0,0.21085300470262625,0.7498021543104767,1.0,0.9785972093685629,0.670660054264731,-3.6464079683712436
0.051810355821787724,0.23106323072999346,0.19619596517509175,0.7517500695923016,0.333955382261786,0.08461153372480201,0.5790601317517711
1.0,0.3967360784799748,0.04667561924878194,0.7103940133432315,0.39746971986014334,0.3088324013313366,-0.4484907788438457
-1.0,-1.0,0.2363474049044726,-0.26620113564936687,-0.07598904410052687,0.11496279337564014,-0.48749817909975107
-0.1317664810951894,0.3582978190420032,1.0,1.0,-0.7517022997109892,-0.7040396022827091,0.9759649514477662
0.8061452232680146,0.6622332897380794,-1.0,0.26382718168247477,-0.11472584110575235,-0.38599554258229385,0.7001887619954844
-0.4001902124113148,-0.5413817332582902,-1.0,-1.0,-0.8807590665950256,-1.0,3.2520713386721902
1.0,1.0,1.0,0.7646744065880078,0.3651601544860227,0.9911579046153399,-7.146798968032726
1.0,1.0,1.0,1.0,-0.1980320241903537,0.5726361666676868,-3.077744940396445
1.0,-0.6530760686625736,0.6543963032211966,0.7178927662260379,0.21991595379678813,-0.02715261523092219,0.962666729746209
0.09514109585301041,1.0,-0.5071429949665762,-0.3097074984147517,0.5863555512011811,0.2860382800057957,3.0576848464537245
-0.44708679724239914,-0.5175202786989848,-1.0,-1.0,-1.0,-0.06608802460298868,-0.1325591200550154
-1.0,-0.932424597817284,-0.19209640850407012,-1.0,-0.2981075013949446,-0.4122202180951928,0.3874547535366874
0.8592430163608638,-0.2340032284023904,-0.8435264876390491,1.0,-0.7985886877293071,-0.3436995054648688,2.748450471116211
-0.9064866616506069,-1.0,-1.0,-1.0,0.5039975810590719,0.07597920797298152,-7.451049104989634
1.0,1.0,0.7503075439044693,1.0,-1.0,-0.005999699237890566,4.586058347224862
-1.0,0.003299636024342134,0.303055950424272,1.0,0.3907277078298552,-0.7894772816355069,2.5931019326160163
-0.7626810371392736,-0.2919553831843325,-1.0,-0.41905901994837047,0.20767696516898626,1.0,6.490139181928336
1.0,-0.0666411319877629,-1.0,1.0,0.09158618185570047,-0.07156238352894898,-1.0977007096701012
-1.0,0.779456249387902,-0.38187972910837525,-0.2645411359154928,-1.0,-1.0,-2.2649424948088397
0.019856661181553048,-0.5038039005337746,-1.0,-0.3816653143728299,-0.08681213275085131,-1.0,2.7358867995877807
-0.6918214717891865,-0.32034512860441827,1.0,0.0054298011061494345,1.0,-1.0,2.3785583965659236
-0.46395388065016774,0.9111847225520867,0.39439581729850737,1.0,1.0,-1.0,1.1038413855275446
0.32699506345662077,0.37184049156127263,0.388123108021071,0.8526231860099108,1.0,1.0,3.515136175531728
1.0,0.10338825827018594,1.0,1.0,0.8186937431024794,1.0,-6.463101842522907
-0.5529061298574947,0.21624337060411114,0.7256425603906108,0.42232458404280804,0.5996990935679472,1.0,0.7474854099959805
-1.0,-0.6202890317377217,-0.7863640385429143,-1.0,-1.0,-0.40702560001878973,0.7847705566884542
0.21123116087146707,-0.6047465799072262,0.5773207389340964,-0.06157407410671996,-0.21786735760888076,-0.7878396658726892,2.7776595650657225
0.46313633920174946,-0.6809330684510388,0.24082161332620444,-1.0,0.7689312920825035,-0.18569173070327105,0.358414920234713
0.9457559046535768,0.5447775313986409,0.3849297697777692,1.0,-1.0,-0.8783212393823852,8.058095719347309
1.0,0.26945490879192346,-1.0,-1.0,-1.0,-0.7201343971409455,5.338713026321703
0.058949110745742175,-0.18356699265524856,1.0,0.47042246910650026,-0.5455170083053449,-0.6527314401765818,1.462611356892679
1.0,0.38641597568800495,-0.8012592890108479,-0.4864658595123408,1.0,1.0,0.11722214249837715
-1.0,0.29226321144202205,-0.05685646658754173,0.4683860231200243,-0.7151345598692618,-1.0,0.42152378625581144
0.5293047408316651,-0.5834197479586104,-0.8292144448025467,-0.8940663227874215,0.9008677395558976,-0.11433361547284793,-1.3215866384238737
-0.3303483970288412,-0.7713347263019468,-1.0,-0.006513925852892344,-0.8972720035391891,-0.4206202720857235,-3.1416309438338743
-0.6190932597503425,-0.00463327019889162,0.12610646524191427,1.0,-1.0,-1.0,1.9001888561689735
0.3737357548592517,1.0,0.8169911940432768,1.0,1.0,-0.6976190482580432,-3.502501731010178
0.2681669724175274,-0.21861673653297542,-0.3732112351319201,0.27015680391131514,-0.2831443819542102,0.16072935550527379,1.093914778515501
0.04232841682857624,-0.14387548055123478,-0.050422798979896544,0.041316247144687734,-0.17366326923961606,-1.0,3.760471123972334
0.25386291425555213,0.6685401211139754,-0.0267344737120587,-0.90490966761114,0.8767957359816312,1.0,5.766249232627003
-1.0,-0.8158374548925117,-0.3242240828943135,-1.0,-0.7581072886698468,-0.6579037951295141,2.704016290344783
-1.0,-1.0,-1.0,-1.0,-1.0,-0.6819478522807383,1.5422486997672102
-0.3877759952221128,-1.0,-0.8023947116122112,-1.0,-0.31052648046846154,-0.055520878435618315,-2.5484488956426627
-0.6384273498535705,0.09841703892421505,0.40510469465303467,-0.5651475073186555,0.8245695729600035,1.0,3.124834763939322
0.6174056205656822,-0.571265423447956,-1.0,-0.14781055168791668,1.0,-0.6462512128742623,-3.202430578550652
1.0,0.2643233991121383,1.0,0.18391767093419498,1.0,0.7648623274355721,-6.944642664771529
-1.0,-1.0,-0.11121637779177984,-1.0,-0.8358459148679143,-0.2507094837646362,1.0604332831714216
-0.6172471049254727,-0.33990608509108516,0.025934082729515917,1.0,-0.3373675038900888,-0.02982189459872875,-0.6482420731488815
-0.5185649089230451,-0.26363248891168606,0.16134014090732962,-1.0,-0.33637080857153945,-0.935471420379183,2.0587161156218396
0.9037658024162467,0.24715460582176266,1.0,-0.4941494523935259,-0.8297568911602771,0.9382532417021389,2.287560354968627
-0.6848843438477742,-0.18733869916917967,-0.06218314000845254,0.25673121725481773,0.10484889807859099,-0.11175401446216515,0.6804310683765276
0.506609126763788,0.7091382117974351,-0.8068960828313765,1.0,-0.39340275913506306,-1.0,4.378398281952499
-1.0,-1.0,-1.0,-0.8426752462856277,0.6146019685013414,-0.5680318762381052,-3.3111081813801766
0.9407926862615911,0.7101449987140719,0.28091374462116964,0.682275769397857,-0.060969325650575,0.2747330508253727,0.03614274723443536
-0.5406862143394471,-0.3048702029343059,-0.38951058940778194,0.6627785868197111,0.9249922270339321,0.6146426755734247,2.9401363772053206
-0.18153402528739204,-0.10542319881013684,-0.6370691437644593,-1.0,1.0,-0.34721217178891634,1.602139560866576
-0.3407096070223724,0.022860005344685408,-0.996076885243822,0.1953340607742084,0.20220538147035638,0.5203867026211502,3.3738591666239106
-0.1188862786617155,0.7168840278846819,1.0,0.8460555996227781,1.0,0.01078405309765193,-3.2551090910852625
-0.6540945243125242,-0.11729044283887069,-0.8610166540245783,-0.3947967053577573,1.0,-0.7407610605872594,2.8193721797543994
-1.0,0.16917076273030682,-1.0,-0.5404970334795786,-0.9978470102715165,-0.8273885690060698,0.2239358925291287
0.22760165380362074,0.39236715270428113,1.0,0.8652074505081069,-0.5982079589455643,0.44029586968721374,-1.1738113949927482
-0.42447878658742333,1.0,-0.24929859438009255,0.4534750076599523,-0.7692792317742347,-0.8568569530357477,1.0089183131355475
-0.6158170100174172,1.0,0.4377507625946405,1.0,-0.2396421453131546,0.7417669560734934,-3.1911690016652465
0.6191583072647054,-0.5291977708027295,-0.3561494928488388,-1.0,-0.5337980028483713,-1.0,6.493683190532246
-1.0,0.7462918043317587,-0.23322168567846902,-1.0,-0.5347667903484857,-1.0,-2.350454413706395
0.14590188521994574,-0.5294589483849341,-0.4102126660161749,-0.6066491418798916,0.4169188959038602,-0.039550735084295185,-0.8717115624149099
1.0,1.0,0.4358215965613823,1.0,-0.8326651949573111,-0.5166609552703545,6.292198563234229
1.0,1.0,1.0,1.0,0.4334665398650159,-0.4430019652835595,-3.0461649500286683
1.0,-0.08314229301296307,0.7368146397791713,0.07317037554595633,-0.6430695936691415,-0.7102482643288115,6.247730513718606
0.8459973551210477,-0.10600681384206245,0.8600681322311344,1.0,0.33106689218035495,-0.6635185185828865,1.0507867736938412
1.0,0.5829722056919113,0.07542322959937042,0.05031642990274332,-1.0,-0.3478561019253579,2.7228751607435764
0.34527568712731027,-1.0,-1.0,-1.0,-0.7517652306198155,-0.08590339289189108,2.591790838860053
0.27131298433550205,-1.0,1.0,0.5503957309988388,-0.06793876833767379,-0.13062894393198576,2.8774300091938865
1.0,1.0,0.528914980161318,1.0,-0.18280056308771359,-0.10430302396518876,0.85323542151395
0.8076728920030114,0.7683264346365917,0.4906080843009164,-0.05240382211308692,0.9928478992893779,0.9623653551132854,0.8156100880783816
-1.0,-1.0,-0.9449012347711084,-0.998201164981597,-0.8505611939109526,-0.2277582320644541,-2.1364190221288544
-1.0,-0.3597092239294575,-1.0,-1.0,-1.0,0.6250480905590546,-0.06124887523018577
1.0,0.7497787090549581,0.002325993968782303,1.0,1.0,1.0,0.24499116171134772
0.7172964993486628,0.7451427961283278,0.5774350122662482,-0.8109692198234305,-0.5549349418931063,1.0,4.894892644809147
-0.9179957303988523,-0.5190184692302328,-1.0,-1.0,0.5145966568512736,1.0,3.938573791564049
-0.2797324795435796,-1.0,-0.5787722429849501,-0.13143984675700104,1.0,-0.14317550764607143,-1.8690655860695102
-0.3655921782618481,-0.512488199940611,-0.7678483450765754,-0.7442667329047483,0.7931452017786158,1.0,5.7703020151749325
-0.25376025065729635,-1.0,0.1661038438887798,-0.993668081975322,-1.0,-0.0639455371058788,4.4989539284604145
-0.9518504873842591,-0.6559316481113396,-0.6583904075342033,0.6436317544292035,-0.5331060813257418,-1.0,1.9811302476560955
0.9878164855947187,-0.27993540426611596,0.9550563478239904,0.5268963516628096,-0.6673570506259408,1.0,1.6970439299514193
0.4214258681611036,-0.0192818823718508,1.0,0.5907287246327495,0.2856964564419002,0.9200296903874906,-2.563776057215668
-1.0,-0.30111378904265185,1.0,-0.5161721793678702,-1.0,-1.0,-1.7276087705133039
0.36743798194520794,-0.15937697075854085,0.8510846041694785,0.08785047438640126,0.09817369760921268,0.2262505710444337,0.26357175867899274
0.440595897713736,-0.8843289508442475,-0.03510230438349085,0.7859995037926732,-1.0,-1.0,5.843594823232898
-1.0,-1.0,-0.4360923958678329,-0.3108013601474817,-0.7435256804007992,-1.0,1.6161136528799207
1.0,1.0,1.0,0.08245671913347907,0.3722416347800178,0.007294015883449911,-3.105107286224144
-0.5281865618128085,-0.75550729261825,-1.0,-1.0,0.38467304936386326,0.15444040842065987,-3.1833832470451062
-0.44405956453267126,-1.0,-0.9901125490350313,-1.0,-0.5979035412346713,-1.0,3.531096029196386
-1.0,0.49360543721222955,-0.7318986685198952,0.391287710629019,0.5356882698417174,0.48744025709825944,2.2623981592476463
1.0,1.0,0.233425105821647,1.0,-0.13583763591394654,-0.7297882440531841,5.680280632714739
1.0,0.35420343727692566,-0.9034057856303188,-0.5808746100453487,0.5822896964242648,1.0,1.7537175721590403
-1.0,-1.0,-0.9215904813713458,0.4746020773826157,-1.0,-1.0,-1.7837568324126991
-0.1542432468547672,-1.0,-0.9879855938209055,-1.0,-1.0,0.3600390433642693,0.8517231094347866
-1.0,-0.6606598070296679,1.0,-0.10064896612736976,-1.0,-1.0,-0.3787044835181272
-1.0,-1.0,0.20904561859508686,0.3826987921260026,1.0,-0.12406038390098748,3.7923241146248423
-1.0,-0.012366241307126158,-0.753182185170092,-1.0,-1.0,-1.0,0.22920265148942254
-1.0,-1.0,-0.05154711993702965,-0.16009490166495333,-1.0,-0.9562018908915366,0.09979945706992699
-0.4057312304067946,-0.5338923321657638,-0.005445404186935371,-0.6733302212815223,-1.0,-0.4519940156749883,2.5984053270971783
-0.4295088498192221,-0.35292384516169295,-1.0,-0.3713955785126033,-0.053953866278103835,-1.0,3.8671099910270073
-0.8794579366808922,-0.00663276389658745,0.5914844725374587,-1.0,-0.31579141493535073,0.20349130343605193,-1.15167315403885
-1.0,-0.008963810947893447,-0.4268797181846711,-1.0,-1.0,-0.11020122162703871,0.10770785569334196
-1.0,-0.4233505088335019,-1.0,-1.0,0.9078825642666306,0.36010015676075124,-2.0508163457762576
0.7782127381767733,1.0,1.0,1.0,-1.0,-0.331208211826833,3.237321093466751
0.6187866098492005,-1.0,-1.0,0.6838202064283485,-0.3217327735018385,-1.0,0.9609120127721847
-0.5353963609282619,-0.3074273026107074,-0.7969891612668447,0.3690662988492132,1.0,1.0,7.9303433130998835
0.3527844504415816,-0.15428775253413143,0.5095059733998408,-0.5025465537692388,-1.0,-0.5943312869047915,2.7584225974518217
0.41655210772217655,1.0,1.0,0.8325177702643503,-1.0,-1.0,2.5872357752276947
0.5516638559948532,-0.5498181341014572,-0.2166230803315355,-1.0,1.0,-0.03164750537035721,0.640863089539122
-0.2173545463186578,-0.2381348503545792,-0.6680261503724658,-1.0,0.8966620434287754,0.9530251421776441,4.912260385913215
0.06913791775936595,1.0,0.11804539397128144,0.3825869232662017,0.5922084864702784,0.2679171830415554,-0.20557268117592564
0.7795013451980299,-0.049059100000731215,1.0,0.40486215469652265,-1.0,-1.0,5.958464802029456
-1.0,-0.5221623000659692,-1.0,-0.8779790361952251,-0.47257848183054274,-0.34484659188596145,-1.5359381684013236
-1.0,-0.16157684136301498,0.22790559948413058,-0.8630180973513414,-1.0,-1.0,1.1414642516170936
-1.0,-0.5595351000986648,0.16521737030358885,1.0,-0.6728559654465905,0.702855215379917,-0.906232403368072
0.8264595950712221,-0.4667015677910405,0.4951163736747986,1.0,-0.47336818806349445,0.4186426752956851,1.584811001865257
-0.4116268499160471,0.5863827035686464,0.6361485821185593,0.7240533664062507,-0.6781038551960866,-0.2801708561959041,-1.0950023663079351
0.4914758939484166,0.6227122304217374,-0.78154334615968,0.9893765235073655,-1.0,-0.1404410855578323,2.8774548647473535
-0.7246215695959477,-1.0,-0.28668095306656477,-0.928467956462154,-1.0,-0.6637815638518798,3.3179079498210458
-0.15078357379581941,-0.8903447842640237,-1.0,-1.0,0.042658211352577996,0.042602308982637935,-3.6796936176208246
-0.6294860757601746,-1.0,-1.0,-1.0,-0.38701711503899605,-0.7695562457275065,-0.024607331480885106
0.41414204166223867,-0.2872929744290104,-0.26981254581005953,1.0,1.0,0.07784516111203421,-0.3692768994421621
1.0,0.3332836911251502,0.7246396185650765,0.2587784561317038,0.39650523909611446,0.660568776109667,-2.0817802747839784
-1.0,0.3073832583688413,-0.5313827022685536,-0.023858854476299197,-0.0021166723074499405,-0.13743611945571022,0.23906686053757675
-1.0,-1.0,-1.0,-1.0,-1.0,-0.7842796495058003,2.2710698277992396
1.0,0.04702655017787738,0.4136458805541985,0.0517773913231373,-1.0,0.13090284521944195,3.4099871925467418
0.2188478127162914,0.7405830653167838,1.0,1.0,0.11613244872819653,0.45266689541159727,-3.9925355247366205
-0.6668600280446584,0.05414303589584202,0.8622030182708491,0.018384731240334816,-0.4998522699238104,-1.0,1.3580292018438822
-1.0,-0.23820514636200685,-1.0,-0.3169466628968729,-1.0,-0.19604838989298945,-3.2041321795014017
1.0,0.9966789360005978,0.2142062466065331,0.35182177433491457,1.0,0.7325220791067352,-1.938959468123402
-0.5350146098346695,-0.32267361977785136,-0.6555611013109139,-1.0,-0.8624530745784882,-1.0,2.5558173863973708
0.7122750729766195,-0.17972956548193025,0.29199100921727317,0.10737286599421925,0.4860234516567471,-0.10994477038783274,-0.7230608536103427
-0.5087774831155842,1.0,-0.16227142908819103,0.4116262073867969,-1.0,-1.0,0.20515999078711136
0.7599700279172167,-0.3114651127135404,-0.012224290609232968,0.6597030051015141,-0.2044956954943984,-0.5234792220096645,1.759068793689183
0.5199966713529628,-0.15823838536710233,-0.7676291125559671,0.06731727315827246,-0.9879779371642063,0.29088679369545534,1.52241762962612
1.0,0.5888143773194401,1.0,0.21059172723411246,-0.8187550125701909,1.0,3.0764951533268334
0.06369992737163643,-0.5349627203080904,-0.9750459173419341,-1.0,0.9148996894032171,-1.0,3.1455072186651765
0.22849132176736098,0.4496642394315862,0.19219498620477005,-0.06618756931243225,-1.0,-1.0,1.5903495192832
-0.7770596725159475,0.1751996108777074,-0.9103833461157298,-1.0,-0.019967111508813876,0.20123414361477798,-1.983812019497888
0.06914474147061656,-1.0,-1.0,-1.0,-0.8242096890260243,0.08934425710194932,-0.04995224404421961
0.40738135111941165,1.0,-0.9741517813967683,0.6481087523415081,1.0,-0.49553901610511886,-0.5080163699313414
-0.9053922389442143,0.9195030848526005,0.3362313416507126,0.4070332424432197,-0.7511458652477971,-1.0,-0.02796248030533674
-0.4815584231497994,-1.0,1.0,-1.0,-1.0,0.3032142907953803,3.84373947201867
-0.6056812264057652,-1.0,-1.0,-0.8163395728309436,-1.0,-0.6359319058615489,0.2945553856916404
-1.0,0.18680950507391836,-0.8183940886053334,0.12870306080762184,-0.27886701200750436,-0.3183015627558501,-1.1484002227534744
0.5923363493187284,-0.32610214383646097,-0.44936663869611276,0.7364253653542059,-0.3592212279057516,-0.2955851523977244,0.8662900229471292
-0.8276139966304843,-0.6584244196439075,0.05048691887600154,0.5725156890499901,1.0,0.8358825053300185,3.5601898361920914
-1.0,-0.7415472248002654,-1.0,-0.24286096348886335,0.364184935650977,0.48893444385100715,-1.0205012651919638
0.43759013052870005,0.8600933064506413,1.0,0.6809846662782504,-0.656302317141269,0.7361536144163858,-1.8325194228567836
-0.02599195244355368,-1.0,-0.04785461929670487,-0.26736138160331624,1.0,-0.1610305307049102,0.06594974885392008
0.18393422217906225,0.5313036172755338,1.0,0.5206439768441837,0.3981365241127889,-0.6318587045796151,0.726038934171692
-0.1832665703407395,1.0,0.10033032844075684,1.0,1.0,0.06817417665779213,-0.5044694606493373
1.0,0.5705673435767701,0.31545656387501353,0.18786334622650025,-0.5468784821581487,-1.0,6.522284641678762
0.46584720498267806,0.7547366668946285,1.0,-0.16827893103435906,-1.0,1.0,1.2440198767989832
0.0800892323630577,0.35210402265067764,0.2548275135749497,-0.02863182399208583,1.0,0.3921396435219925,-0.2904320757064199
-0.8311364129860292,-1.0,-1.0,0.04055416076828611,-0.399075006722194,-1.0,1.5762364910693667
0.8002025615644403,-0.2755948212339493,-0.735599452943653,-0.3348382011794335,-1.0,0.4387318231878754,2.229678777134575
0.00902948746937382,-0.5733249941052406,-0.8356017255617721,-0.07253400062480703,0.915046278092994,1.0,4.084006319773293
-0.3596230854678949,0.8401855355640082,0.4620273434643422,-0.9638202947258661,0.05759677438662952,-0.19693977717867306,-1.9197409700163424
-1.0,0.9368628937401695,-0.7803402515359814,-0.04505422612655485,1.0,1.0,13.951081201713572
-1.0,-1.0,-1.0,-1.0,1.0,-0.5974895491299441,-3.8263622758239593
0.5426694330164943,0.3159410767413389,-1.0,0.9699195755672761,0.41641210036113385,0.4018695908941512,-1.4027473652218228
-1.0,-1.0,-1.0,-0.5477092541737472,-0.008488917339930846,1.0,0.8532538767178734
-1.0,-0.36963035983931203,-0.8676844926562672,-1.0,-1.0,-0.44127488871684517,-0.16609090271084695
0.6705257733343776,0.06154591685665031,0.20168433368430627,-0.3036988144328797,-1.0,-1.0,4.351647261880149
0.3477129259245273,0.20674329889099252,-1.0,0.14211011062385714,-1.0,-0.2729272713219997,-1.3248381497704944
0.5764125062595424,1.0,0.7813632600300003,0.4822164315629197,-0.3157704764477631,-1.0,2.459002343717522
-1.0,-1.0,-1.0,-1.0,0.9306099137792146,-0.6926889552493547,-3.2430484736209504
1.0,0.45520427522492923,1.0,1.0,-0.3155992717549744,-0.8933902461313351,4.528729679462087
1.0,0.5219166662252344,1.0,0.10614818673417714,-0.4834520503682622,-0.9810787850506149,4.952575751609916
0.8315653664854595,1.0,0.4533775707047717,0.35914628693472483,-1.0,0.8902044018772122,3.5325623342594232
0.32584323679134664,-0.1919814577647399,-0.45441448176926397,1.0,0.1629419431028556,0.6107534167348593,1.9136213567985703
0.025793546563514735,-0.35240997914942274,-0.04278256250631951,-0.6787820137004216,-0.2646414149942421,-0.6297778022287424,2.4492577772789716
1.0,0.8501531413930341,1.0,0.4836952367062355,-0.8557474401711913,-0.23179059638859378,3.406579635429787
-1.0,-1.0,-1.0,-1.0,1.0,0.6877863915829283,-5.515975256303517
1.0,1.0,1.0,1.0,-0.6385805977887847,-0.2896977291300662,3.0518479356436354
1.0,0.7057467544428275,-1.0,0.6140199547553126,0.7371073039234427,0.7872867044501923,-0.6456769470132594
-0.7678916837301756,-0.44998423528760645,-0.5741558391034958,-0.9660968572393203,-1.0,-0.9056501760066795,1.4292447329855131
-0.5547070427758689,-0.0007419889806193902,0.23131011809980906,0.36523964425574457,1.0,0.4593299207068309,1.6490175666467348
1.0,0.1452640420280158,0.5351618412224313,1.0,-1.0,-1.0,9.423527136205008
-1.0,-0.3008954133339528,-0.22063919171621393,0.885965949403978,-0.8497093222527167,-0.7825116031685804,-0.023776345855533898
0.9087953731656343,1.0,0.11643784239795096,0.48959132973175595,0.5208808745954897,0.8771172723339449,0.7311149627101812
-0.12192401862678509,0.020041619643994035,1.0,0.7471013638182866,-1.0,-0.08804402383071952,-1.480627776479812
-0.35505138351358784,0.5102394223642575,-0.8553531605752861,-0.9184629229577708,-0.35633871496546055,-1.0,1.5617498961881133
-0.913525361155603,-0.43405240336360373,0.32433021411000196,1.0,-1.0,-0.7550646970706745,-0.3685763103686538
0.7055645679347846,1.0,1.0,0.38409171336300996,0.24234808127580437,-1.0,-1.205300987725808
0.8558870510398633,1.0,1.0,1.0,-0.3164845510591598,0.921023636729357,-3.0806017475007885
0.11941789827770938,-0.6219923341704032,0.8506960156756426,1.0,-0.05805341091153737,0.9546021874272216,-0.10972844767088245
0.6836293969433067,0.9140770572756328,0.2485240285498067,1.0,-0.1809981633179254,-1.0,5.661434582128072
0.7857466596785211,0.6243482383260236,0.6295545212556803,-1.0,0.5152916923089546,-0.41338033127535057,-1.0533037728001173
-0.6792557011860265,-1.0,-0.7226193152685498,-1.0,-0.475533300274499,-0.16977926149764277,-2.4138539172178275
-0.7592168863858997,-1.0,-1.0,-0.8246376233348958,-0.9328311216994696,0.4180981674310554,-3.071103661937756
-0.9321256400441738,-1.0,0.39314969494689267,-0.798499055274092,-0.13607159885502462,1.0,-3.6688427942563546
-1.0,-0.022206679300583065,-0.40304429372484285,-0.29871168491889977,-0.2832506860319113,0.26108540129167024,-2.106087797974508
1.0,0.2682042722369515,0.418517737888225,1.0,0.5430442765442953,-0.4124890629823826,-1.2437302937296701
-0.29410907643843803,0.7795140857049017,0.44485069039216785,1.0,-1.0,-0.5312665633020217,1.9614094914143962
-0.055498846141376096,-0.3839665708511998,1.0,-1.0,0.39136350488876265,-0.48761026589536977,0.498039738591508
0.07340755954239486,0.9909076069106861,0.6250563860276046,1.0,0.5726987815435756,-0.8486183692822894,-1.0493367945679368
-0.4440006909518792,-1.0,-0.8457332143169504,-0.5521517692534292,-0.30932686554272215,-0.9663491211739301,1.8599243137572121
0.6878562425285238,0.8596374553733224,0.6531155633831377,-0.14211825248808097,0.30562457514429386,0.5915859228000586,-1.9183217239028332
0.33143368552020414,-0.5540097382818221,0.2646280370145584,-0.7082969135254774,-1.0,1.0,6.398876357973146
-1.0,-0.2581971836956316,-0.39193751022109047,-1.0,-0.5798470423475925,-0.578014992374106,-1.1854795573393557
-0.25787347386294157,-1.0,-1.0,-1.0,1.0,0.021154005406709087,-5.5112257069729385
-0.6788183477126885,-0.445808986415313,-1.0,-0.3281129058273811,0.3564024777635765,0.339426983375801,0.757040749692808
-0.6861681159282909,-1.0,-0.6897060553244738,-0.949734146897279,-0.4477985658046688,0.18936409382600994,-2.538511465012982
0.8710871491900727,-0.35110582425707915,-0.6306102387695075,-0.1370400557614523,0.30942098635614634,-0.10997810098854871,-0.383922467721397
1.0,0.09615352793154602,-0.7347798963980912,-0.8048211407471051,-0.013549002678800895,0.6103111421189418,0.7741649723876494
1.0,0.14555243134422347,0.05287207676378117,0.4987872285660464,1.0,0.441704421476086,-0.8757682571727365
-0.41270161749156764,-0.35094207001799393,-1.0,-0.2085206773928212,-0.460984296846527,-1.0,3.6714768487416367
0.0019463257099848474,-0.08204566032224148,0.634786695641253,-0.40676290971595697,0.5682488318941877,-0.28113841635020864,0.7704782844172253
0.19914133671693435,0.2519493193886771,-0.37698577192844696,1.0,-1.0,-0.20398942897352135,1.2863656125787954
-0.38173525672140685,-0.062041567792413876,-0.31778343472484083,0.6234651969585923,-0.9292307337982404,0.18100425660081704,-0.6248539598562611
-0.28308917684258206,-0.47677629294230733,0.9204006232132037,-0.11373480310275397,-0.7064169086324329,0.6145581767789905,-1.918901547671335
1.0,0.8575400868153245,1.0,1.0,-0.21202133855243765,0.026710226403202086,0.32787715533501727
-0.8486869185067378,-1.0,-1.0,-1.0,0.9517824780852246,0.6303607406227423,-5.839879366273652
0.22621102348584987,1.0,1.0,1.0,-0.5133556930441985,0.7994311608961564,-4.188438098780836
1.0,0.9117815830613876,0.2740564932714581,0.20340605801675826,1.0,0.8062897883293081,-0.3179297994738475
-0.7613297721002482,-1.0,-0.5815405590382066,0.20276742053069485,-1.0,-1.0,-1.0391404571167024
-1.0,0.2605544058263395,-1.0,-0.8216455849719324,0.6242265687809048,0.27930010436038577,0.5538720739857012
0.529745527539806,-1.0,0.2948274972672943,-0.7240259405978682,-0.3385879869988986,-0.8144188123160636,7.305865690808698
-0.867443844296772,-1.0,-0.5929804285672049,-1.0,1.0,0.9231917359356848,-0.014673869654832437
0.8079221449183691,0.4972423506793553,0.42518164802293856,0.5222841392727758,0.5241886118168038,-1.0,2.8014615762887867
-0.2806678574229692,0.30175732799416183,-0.12713362735330352,0.577968237396995,-1.0,-1.0,1.1573462521492661
-0.18477723727802964,1.0,0.2953275023983259,0.5601813872869974,-1.0,-1.0,2.4372209366093514
0.1949751024314651,0.1994062332733923,-0.07125891031016016,-0.15609694426439635,1.0,0.5787530861090224,0.6512303190807497
0.1721642057011885,0.345051298215731,0.9845343517455132,1.0,0.4034367013199176,-1.0,0.8462491470642276
-1.0,0.19047907008166198,0.6631150403444397,0.8924851332525684,-1.0,1.0,-5.571955785215522
0.9536449644855263,0.2177653483586386,1.0,0.1937278196045975,0.36532435235623095,1.0,-3.335715728977975
-0.4171519731973975,-0.1986282398036294,-0.12069669181584097,0.07492155592772495,1.0,0.43427623703672613,1.5598765035685311
0.569902764764844,-0.5879833315568949,0.13106365691645128,-0.012793004302639688,-0.6847059302157976,-0.8541501397450169,4.786904128030937
-0.6938422116233058,-0.3433677060653958,-1.0,-0.9644789630909796,1.0,0.44245614616195095,1.370190304203321
-0.3300597276233428,-0.24325982929235312,-0.8293032567028444,0.29225794950362405,-1.0,-0.18741434706355342,-1.0012114627172053
1.0,0.6661748474096331,-0.0627573026083243,0.9232271059245104,0.09599014864071997,-1.0,5.190789327975435
-0.9398505420916392,-0.8321258966061842,-1.0,-1.0,0.04710677337513358,-0.9951096371895661,3.6263525027578467
0.3379046479565989,-0.2864119147498324,0.8691236860358894,1.0,-1.0,-1.0,3.533506516072784
-1.0,1.0,-0.0394671407773087,-0.05799097525008434,0.6282274000493061,-0.8395210619007747,3.3381543414971846
0.5180581034653193,-0.37891311707502706,0.7355754940245225,-0.6757903528723688,0.5404949366644909,0.6398486207233367,-2.5845380484252622
-0.8199422819316742,-1.0,0.31041764706281977,-0.23671686846050055,-0.747420568987086,0.8571108753097043,-1.7957102113780148
0.35792872845709467,1.0,1.0,1.0,-0.6258088024226527,-0.6377907148538577,1.0832376704930726
-0.7111663318553779,-0.6685473452050569,0.19589009004778918,0.23979836763610302,0.5023151460977184,0.704000759059093,0.8264513555830248
0.18626667182336354,-0.967004200908131,0.6393037195085207,-0.22684561939863918,1.0,1.0,0.287625209263585
0.3875590377737832,-0.8647300921470761,-1.0,-0.7363777478726119,-0.9832903811190088,-0.2513278895138027,2.6553964386123203
-0.5809404320417852,0.6161542901007122,0.3951227768881076,-1.0,-0.7156455259838971,-0.3523542464290626,-2.4264424876007817
-0.7988123231177958,-0.21789021521981644,0.6719137398257196,-0.8522433534953013,-1.0,-0.5745171988008286,-0.17403892062049145
0.9292151229769978,0.053298483795309215,0.5918637869212653,1.0,-1.0,1.0,4.26514109447832
0.5228021180922986,0.006642897823424754,0.06370073332130755,-0.5944439128104001,0.555319158274538,-0.2810021712326496,0.9480934903877213
0.5276044311587678,0.6658378415252437,0.9517127830905885,0.542043738028948,-0.42775611411975545,-0.34356446951476605,-0.43000881109657063
-0.5969527192785142,-0.6767548750493486,0.5306608767501907,-1.0,-1.0,-1.0,4.767660508826192
0.5320160450388447,0.9551104747911631,-0.6547417093429192,0.5016676896767588,0.33914510484250593,-1.0,1.5182240782721315
1.0,0.48332239587427606,0.8294088172838433,-0.02025617083854503,0.9620908322132589,-0.9247256350349264,-1.4027604243960208
-0.39217396163166174,-0.772538014225164,0.360700775421387,-1.0,0.1296620158535962,-0.34843268935091976,0.6967061679670463
0.866866145544001,0.5068140969943349,0.7792026061525488,1.0,1.0,-0.5638340779923218,-2.428209239226865
0.5455409791084624,0.523986253103611,0.665427934713574,0.6594113635986224,-1.0,-0.17888103580236625,2.5147414031899045
1.0,0.06087210912603691,0.11228286887904154,1.0,-0.4526777525541805,-1.0,6.773197618148577
0.16926005150175782,0.2295432536840074,-1.0,-0.21320259239638323,-0.19741180753317478,-1.0,2.877732685888994
-0.25771590704079106,-0.3774313235607148,-0.3621435830224772,-0.40008711096875604,-0.7924280868306444,-0.1385349018202231,-0.27643312493203376
0.3796729205662402,0.39425669289969567,-1.0,0.2732863046607993,-0.4245947117762173,0.9870902327588738,6.60230127882335
-0.15902303560483766,-0.042439529163251555,0.3023478180455318,-1.0,-1.0,-0.2730998314312117,1.5058432150877634
0.0875400206042053,1.0,0.31919718902336824,-0.34119346780160165,-0.6401782093636768,-0.428838111654098,-0.9550836293297084
-0.24056206885860254,-0.5906366621292969,-0.5422962767249832,-0.2976858789698195,0.8877779503528582,1.0,3.9916815199939437
-0.26404185327680235,-0.14864449979150635,0.5353878449218354,0.33217292687381283,1.0,1.0,2.8534925502673714
-0.7988410910370211,0.3929305257516006,-1.0,-1.0,-0.415213434857171,0.8433302953614306,5.108364887886528
-0.37334055496241825,0.7425359919496595,0.2042525208274475,-0.48173973336005893,-0.9019029383858628,0.41468236414860826,-0.48440008923372757
0.4863132904773201,-0.109056237527278,-0.8362908646366015,0.24902153371590152,-0.270037921219767,-0.7211933186142332,2.0345129840066085
-0.7846030991210028,0.14760498961395951,-0.9209497036640879,-1.0,1.0,1.0,9.285154899007985
-1.0,-1.0,-0.14545167828192473,-1.0,0.8497461176719203,-0.12603534512953207,1.6281404657298055
-0.4036103020151555,-0.7254425241644845,-1.0,0.5878985115520781,-0.687505160016337,0.11910895349750283,-3.3897983048778695
0.3006758478066589,-1.0,-0.32202101402961464,-0.13915180879941919,1.0,0.9275921606227459,0.13003164468495043
0.4166598355816331,0.8935928995907338,0.16460466529868656,1.0,-1.0,-0.30702300404899385,3.7901864260024647
1.0,0.5272421950359714,0.08943421233628723,1.0,0.7130688505374068,0.10746144710157468,-1.8200069929520721
-1.0,-0.32377300838194834,0.06018298969978775,0.0813901133387196,-0.8269383114713929,-0.8883346976138526,0.4584741383709747
-0.27407448245456334,-0.17581282768222795,0.26914537812641426,-0.8894945691981961,0.4752111174317217,0.28295861264764427,1.5684426342415199
0.8669672361781391,0.47100189987978247,1.0,1.0,0.46217401478223485,0.5969250335793743,-4.844549466676639
1.0,-0.210208921390596,0.0022906654858965148,-0.9166103948162929,1.0,-0.3911961517283392,-0.9175856767695835
-1.0,-0.11122169895434975,-0.2734316552949844,0.12064347836939837,-1.0,-1.0,-1.8775525132148303
-0.8126708056029202,-0.4841645922049941,-1.0,-0.5430985798823986,-0.2662148570071604,1.0,5.449757187079147
1.0,1.0,0.9286441665133442,0.7773711987530565,-1.0,0.7340392059410958,2.3289625288536318
-0.3660820809007507,-1.0,-0.5949039695548121,-0.4600653982791969,0.3953263244667318,0.4559496657101769,-1.8916550062294413
0.2522502012012825,0.30273547818715285,-0.3397678132180458,0.02325676794792736,0.9746822716885881,1.0,5.143689534217581
-0.42609944989036,1.0,1.0,1.0,-1.0,0.32446890727324895,-3.5431110453332293
1.0,0.28614437730669445,1.0,-0.8165669067754091,-0.9777818023130618,1.0,4.4457657815534635
-1.0,-0.7997646013440332,-1.0,-1.0,0.789471735527966,-0.6436201550596585,-1.6683511414509273
-0.4499711218438641,0.22340406461029128,-0.43017278227568045,-0.9408800498359959,-1.0,0.23974062242913274,1.4873993260596836
-0.06208823668812746,-1.0,-0.2220642688075689,-1.0,-0.36225126503925664,-1.0,5.752932431670973
0.42551219966031045,0.6741721800201346,0.7271920712025068,1.0,0.03169796733552621,-0.008818373039377159,-1.2381675728318238
1.0,-0.8283956105447834,0.8376704353833292,0.08571362465989527,0.9920457121065793,0.16537213468170656,-3.1381679507116886
-0.8377745696408022,1.0,0.2917792841265091,-0.17684569163501607,-0.24481705229891185,0.28821061267420833,-1.0334398057327674
-0.7671733314624158,-0.6485364922250152,-1.0,-0.40724045115282803,-0.9306646956334895,-0.6837096661321445,-0.44129193068284317
-0.40956395939583756,0.12240338345648172,0.1511802861972838,0.024928232458678867,-0.8717491218258429,-0.053515682491496075,-1.7724635032197529
-1.0,0.7049280472596766,-0.6752625013584627,1.0,-0.9104592400775323,-1.0,3.1553201456748736
-0.5991487295946417,-1.0,-0.7153586690789905,-1.0,1.0,0.6469246257103125,-2.340523767659383
-1.0,-1.0,0.09427796089909679,-0.9573419699529386,0.4245872219036191,1.0,-2.662954830352266
0.9144769565399541,-0.03919692973841242,-1.0,-0.807817719994292,-0.7336896790592038,-0.45776664501066144,2.6029669392044554
-0.32641426925085315,-0.05259271369226881,0.07625705092166696,-1.0,-0.5696024565002669,-0.03142534220143836,-1.1538621215175495
-0.1561182160088601,-0.6964675962709469,0.1254060602023664,-0.7084315354590461,-1.0,-0.6441005285466306,4.175357990184716
-0.6000408736234086,-0.7579666685787212,-1.0,-0.8069502001427884,1.0,0.6926014129542761,-0.48994418462544176
0.5288394614614298,0.9440701011884682,0.6202792202917364,1.0,-0.4941199987457056,1.0,1.7872676767723465
0.7854380764364433,1.0,0.16826933083507467,0.9819991784520379,0.5721819655452252,-0.4018321973970794,0.12949179073632272
-0.6648259441107339,-0.5828415295353107,-0.7276649348827461,-0.0668815820009766,0.9207530189595123,-0.30164011352301273,0.17625354601044343
-1.0,-1.0,0.022811432986883262,-0.38125585953348806,1.0,0.01784829226021256,2.2184238043790723
0.06483337889588381,0.21258982193428766,-0.6387832613260229,0.5435736962882391,0.5511397735922596,1.0,6.045834193837024
0.7077481942708193,1.0,1.0,0.9582387880800842,0.5831531274607572,0.15911380074508297,-6.153375720111449
-0.059903139777551906,0.5560761784082341,-0.4110784001285837,0.024867761358951745,1.0,-0.2907390006212441,0.4829249016252726
-0.3001009189370871,-0.44018967008500565,-1.0,-1.0,-1.0,-0.007093927409634215,0.3462284219743925
-1.0,-1.0,-0.29560118081959275,-1.0,-1.0,-0.6842886901156153,4.130157588527823
1.0,1.0,1.0,1.0,-0.014846934317307436,-1.0,3.139900604098836
0.02969078448387169,0.31469127458383495,-0.6805725877133108,-0.5829074561847956,-0.8581126299888986,-0.16331221497768617,-0.05348041669794909
-1.0,-1.0,-1.0,-0.33412352889762165,-0.8591766044217388,-1.0,1.3703505938471832
-1.0,-0.22935926006419338,-0.790425721302509,-1.0,1.0,-0.10214717372893047,1.3549767948880458
-0.9959313519258958,-0.7599935093145996,0.4791873914039237,-1.0,-1.0,-0.017333736658993404,1.0385138958054148
0.8958939155631186,-1.0,-0.8673057013686669,-0.5522872174785987,1.0,0.18993921380330492,-4.6175130032657865
0.5175687781021303,-0.28149549717900135,0.6865864582812369,0.9087102716122213,1.0,1.0,-0.6134912720304135
-0.38978959954156833,-1.0,-0.024881279307136225,-1.0,-0.4017054681836768,0.006025115348291778,0.5153358726446715
-0.1736255871314072,-0.07367952926211596,-0.22987157908152644,-0.6103685910956238,0.013306971650898558,0.6448809229292188,0.5686284751709224
-1.0,-0.6887250093052061,-0.8960318168881691,-0.4135035088119218,-0.1628222680137975,-0.9798032449731287,3.9914072072623643
0.5524520164258705,0.35887003487478386,0.8517161379641867,1.0,0.254229281928578,0.10260660485344641,-2.4087788627606743
-0.9926973012551927,-1.0,-0.3990514529494862,0.5013247529585129,-1.0,-1.0,-1.7389147840916008
1.0,1.0,1.0,-0.4365956400315074,1.0,0.09388783726641381,-3.7681370812305697
-0.03053056191452952,-0.2675982141763217,-1.0,-0.24493982404382653,-0.7750452664611562,-0.5178222539092592,-0.6709972023556636
0.9064905081870505,-0.4593193002630256,1.0,0.8360006450594425,0.4696814732956431,0.502269830226868,-2.8041546794321883
1.0,0.3271426505772329,1.0,-0.14840135556463718,-0.29022309980676575,-1.0,4.179452050791247
-1.0,-0.2075319646400967,-1.0,-0.5365360147936307,0.3042185682989379,-1.0,6.734560819960663
0.44129984547007817,-0.8881085230030643,0.6947426965818702,1.0,-0.6542847069408388,-1.0,7.087858218919284
0.4687206402833648,-0.7457483533058229,0.4781968739252455,0.7663880140868519,-0.6344320899379932,-0.5455774424824661,2.3619123988669726
-1.0,-0.8485960622894768,1.0,0.1204399904982712,-0.019465021391737114,-1.0,6.069480325821358
-0.9998383590004962,-0.3624363937279711,0.08787212612012907,-0.3654229678405819,0.5527790664716523,0.19664405089689935,0.5146892137953536
-1.0,-1.0,-0.7441986289525215,-0.020545946153155414,-0.33845953445161236,-1.0,1.64478511435867
1.0,0.49219802843142757,1.0,0.7384894299336004,0.9980131658222242,0.5302788647781214,-6.158621137030608
-0.7463022375414119,-1.0,-0.2874817886334692,-0.41219289066226084,-0.002117155835444473,-1.0,3.5620786808344063
0.035679256323555175,0.8841461722407156,-0.32599674601390183,0.22087439113856652,1.0,1.0,6.058037194014359
-0.9610791249389002,-1.0,-0.947788996864886,-1.0,-0.9614118304982613,-1.0,4.070303629619042
-0.2466509416524223,0.9371370799862855,1.0,0.34442075091825375,1.0,0.5724298847309661,-3.0604438501851865
-0.8550673879074537,-0.8190359538862864,-1.0,-0.9257606168576071,0.0035012493653973353,-1.0,4.3036752917098
1.0,1.0,1.0,0.5725868482341863,-0.2466530570814207,-0.9637680377438281,3.9818587457157397
-0.11489497128390636,0.20283765825036215,-0.4720638244272526,-0.08700361979976923,0.49737590417168703,0.2155493994243133,0.30771805181803163
0.2434473280708073,1.0,0.2258423651047292,1.0,1.0,1.0,2.218394210484538
0.9579619858666373,0.40468560894132066,0.6381694184870905,1.0,-0.26873080133481264,-1.0,6.400241337304342
1.0,-0.03497841796010495,0.17044676612215182,-0.008390779569433238,0.37377812358478146,1.0,0.5042474514259654
-0.7793256755478617,-1.0,0.5767625772802221,0.30395368625941627,1.0,-0.19109248850485705,2.2622896033364897
-0.25666179938278955,-0.7729036382191933,-0.8254226281062103,-1.0,1.0,1.0,2.0331423376671824
-0.2826172442079227,0.23984926625372543,-1.0,0.05132420436947571,1.0,1.0,9.191731827442494
-0.2780572439529486,-1.0,-0.7596662980624902,-0.15899414581711868,-0.8275384390270677,-0.19502027627833385,-1.730402312576234
-0.674499657642717,-0.22567870919257982,-0.5313324493893067,-1.0,-0.7551436024179614,-0.18505569913953113,-0.32766616481302746
0.38731541688070514,0.15476281190978175,1.0,0.798732730871807,0.025900408265325914,1.0,-2.153013531367424
-0.19966165432177624,0.848212612287835,0.001564118659657443,-1.0,-0.02547174408499599,0.2681758190377126,0.9815699132555552
-0.9966718134661416,-1.0,-1.0,-0.5027151597820771,-0.8423481968776556,-1.0,1.0696162627253831
0.5903462731148834,0.7657288076169763,0.1293692909091212,-0.5940692593870167,1.0,0.24897066510985177,0.5480579730855313
-0.46008548782374953,-0.7686634539046904,0.16202339154467515,-0.2947665360235626,0.4386404885983969,1.0,1.1287929522443885
-0.22293009644534723,-0.5774573742757505,-1.0,-0.6322404776791313,1.0,-0.2713042089662021,-1.9228178792088853
-1.0,0.23095159778144592,-0.7350474016573489,-1.0,-1.0,0.040930815269600074,-0.9752999555150871
-0.8259921666416754,-1.0,-0.17350046426285312,0.7642612885755867,1.0,1.0,4.366657613266428
1.0,1.0,0.1459203055919427,1.0,-0.3338186603394753,-1.0,8.945976104160914
0.2285615256025454,0.9211859512011396,0.9792883442815326,0.4230901007927401,1.0,0.7030306980247525,-2.0599015295089034
0.7214764209207858,0.02152496513461366,-0.39436238733472584,1.0,0.3463589107419492,-0.8369607616544471,0.5044065143509812
0.21407312842506646,0.5395739934270752,-0.32449652298676845,-0.5999613489226667,-1.0,-0.07606281971787532,-0.16757012188107723
-0.2607748669785144,-1.0,-0.3613957955208802,-0.7196139088184059,0.9993660200809112,1.0,2.155120565992481
-0.7190361801983469,-0.8392018610396511,1.0,-0.40585426348767945,1.0,0.1873141853056446,1.5439175242149794
1.0,1.0,0.18043120728158657,0.5108243853651202,-0.9588305751723265,0.25969004030966625,2.4944532546265843
1.0,-0.8457559480710225,0.9283248616181652,1.0,-0.7346450555341743,0.19500935598625668,6.25857325324668
-0.761642618664489,0.3253979489597646,-0.07139192528154159,0.19118713039893687,-0.23105227497013647,-0.709792589969414,0.6443313650505003
-0.2976764720318926,-0.5031710723613279,-0.40441640508479304,-1.0,0.13851333792315756,-0.22058831730814876,-0.39400596096372953
0.025277457346806642,1.0,0.5640495368872583,0.17970377180373975,-1.0,0.418572241004596,-1.2934336155109407
-0.24966872909314008,-0.9839544499278532,-1.0,-0.8481624173606909,-0.14047872360959834,-0.8423143502346406,0.855730191686041
-0.9461739213700298,-1.0,-0.4446329679209423,-0.0937131049297073,-0.12307052187484252,1.0,-0.8137358792916801
-0.32093948911935344,-1.0,0.5708995578953806,0.8770992029352805,0.3299232760372136,-0.07914029731772348,0.993118605824288
0.9115997361352594,0.8912521172729759,0.26568116267569797,1.0,1.0,-0.17472836984084883,-1.2036040186121735
0.45116050678661956,0.6629933032784652,-1.0,-0.6506589056891595,0.8779805740187738,0.017964550634078535,0.2577290031071807
-0.7726029359018957,-0.07769237599574752,-1.0,0.16030909500236312,0.9376736028782116,-0.21545868633262252,-0.7571600174250817
0.6584151247811942,1.0,1.0,0.44477130263655784,0.864793328393167,-0.06749700885940949,-4.578037755408589
-0.31600640279609515,-0.8352151884212256,0.7936007427590743,0.45103250485832175,1.0,1.0,1.7494766438380818
-0.9827453603739278,-0.549545903206093,-0.6121326050778206,-0.2826280369187657,-1.0,-0.6380575887168094,-1.0596498327246162
-0.20839675433536542,-1.0,-0.3340449537110267,-0.9435488291344553,0.045383943157105866,0.19876892201653895,-2.7067009011737397
0.0712331370904416,-0.09171822872795209,0.08568764663715689,-1.0,0.25533418359684956,0.5867558527568446,1.1468145658745994
-1.0,-0.5149385003997002,0.9839436143484998,-0.4006756657658076,0.9713904198808754,0.0174972875402247,0.35075647552415457
-1.0,-1.0,-1.0,-0.4993386574790707,0.5870074607215615,1.0,0.7855030120503698
0.27131526084985025,0.6954081963148895,0.6367921132091512,-0.5047130273673286,0.8031417675431483,1.0,2.2246832603278683
0.6145432462784743,0.2736323896831575,1.0,1.0,0.5501162923952094,1.0,-3.9147104741286625
0.05642120662807815,-0.5549484694128098,-0.5055229556396413,-0.23510984450871264,-0.08030778466296179,1.0,2.944498730413306
-0.16169038034101058,-1.0,-1.0,-1.0,0.21304429482586928,0.4820584454585597,-4.88015257360771
-0.1599971889291778,-0.9673151261220532,-0.37640060737996506,-0.16930514579398137,0.22144289623543445,-0.539142490535129,0.9697263512571533
-1.0,-0.2500793273188002,-1.0,-1.0,-1.0,-0.19202776263719235,-2.0475507611279724
0.8588703240491737,1.0,-1.0,0.13492998478887475,0.14582388053663814,-1.0,2.2248065603648013
-0.06676975395911855,-0.40040260041794695,-1.0,-0.49579913830429045,-1.0,-1.0,1.427281294356618
-0.21757774076759967,-1.0,0.25148037126528544,-1.0,1.0,0.04866623222233968,1.8864682485317101
0.30575593607318646,-0.3031962712152258,0.19285021897811805,0.5011781197907698,-0.14818332035471646,-0.7488738960901408,1.876834816924858
1.0,-0.07630203255702456,1.0,1.0,1.0,1.0,-6.072228530553917
0.9651205269592371,0.06129822826390363,0.30626409231431523,-0.23867892830577975,-0.855631602838604,0.12528470758926125,2.2167630866025565
-0.3695633783845394,-0.10645705763292401,0.653480025598174,1.0,1.0,-0.6135857776465279,1.0753156972419537
0.6417798945015104,0.35417388734449773,-0.8834566837403575,0.017825835030258474,0.7381464476156183,0.7952385068783792,1.9934492096477996
-0.4371770105786874,-0.9173660471216735,-0.13762763875370435,0.8968998027694166,1.0,0.13452366663368776,-0.45739430018494864
0.5925987306111249,0.3056381399609241,1.0,1.0,-1.0,0.653575929575445,0.3113682967869657
-0.2678267460775466,0.01178999500878615,-0.5083742008365634,-0.08324192779183326,0.13805503454950518,-1.0,2.667219956565619
1.0,0.3152393264219926,0.6959237511413975,1.0,1.0,-0.07904342493718286,-3.81182018444723
-1.0,-0.3286195727970482,0.5328418509770041,0.06928931899589552,0.3994224677156961,1.0,0.11146041601837503
1.0,0.8636875571099145,1.0,0.870294358564818,-0.4922005329575103,-0.026286495608312532,1.45667874421798
-0.5570185458143984,-0.8274743372645987,-0.3874092083885617,-0.551342050950706,1.0,0.7843379688276908,1.9475918998715416
-1.0,-1.0,-1.0,-0.17833758233904817,1.0,0.5546484272114884,-2.4175961535769632
0.09447217950549991,1.0,0.17276988698686546,0.6042183763833664,1.0,0.33191753814835445,0.024304143141743673
-0.1205469589526817,0.8079170382357178,-1.0,0.19837751798168554,-0.07487983090010807,-1.0,4.505707910997927
-1.0,0.017687070440966242,-1.0,0.8605200560760777,-1.0,0.28267520290689313,-3.1097971782463114
0.4329093805204817,1.0,-0.3262608078062478,0.45108891751408486,-0.46665354612303456,-0.1626556483889583,2.570486909826948
0.5259108747347248,0.9999315219308307,-0.7607636582041618,0.4736380287306632,0.7629768736116607,1.0,6.054517339964439
-0.2841452998962211,-1.0,0.20897143954102704,-0.41098835579757886,-0.032514442430316426,1.0,1.3230130123761579
-0.37867028999663654,0.19916767116090972,1.0,0.1367471221646886,0.3610449758012179,1.0,-1.3871599196694935
0.9020707039850044,0.10939399190632504,-0.12712659875144838,1.0,-0.23276115307116174,0.49451974952456945,0.74767504311885
-0.23258730401587324,-1.0,-0.9138683947340525,-1.0,-0.10817865428826279,-0.814406075998558,1.049539068842345
0.9515492951842088,0.5955084442626484,0.5418751583475117,0.7807049557856403,1.0,0.7561010101106023,-2.238553279930306
1.0,1.0,1.0,0.9059527646536267,0.9358354124295374,0.1229774218638433,-7.987595837514865
-1.0,-0.6838120936024787,-0.23544595656948242,-1.0,0.4869652727897732,0.12417061263996065,0.3908388994500916
-1.0,-0.7985048655044917,-0.052033359541398705,0.06822219849509881,-1.0,0.004029025861910007,-2.309088448308708
-0.6342396284962668,-0.3818426517861433,-1.0,0.39429486470638897,-0.7123265445528345,0.06987650292420668,-2.620707801935107
0.871042407104804,1.0,0.8331448188713272,0.32021167420111674,0.710666359740374,1.0,-3.7436512798670174
0.5457527304083175,0.5245813234586428,-0.9031805319641588,0.08037285670965744,-0.19920018939520545,-0.20347282623932827,0.0629277256463229
-0.022908851607541747,-0.8234629628404522,-1.0,-0.2167776691181451,-0.40024724435632,-0.7673448746764666,-0.35739808863201905
1.0,1.0,1.0,1.0,-1.0,0.0014296558994414121,4.509539631900637
-0.31866201061401067,-1.0,-1.0,-0.9684066165953437,-0.8101806873534071,-1.0,4.683482008473721
-0.34922341936712886,-1.0,0.1343751497985638,0.7717559947242627,0.5545903042281093,0.5497242799054618,1.6498631550050573
-0.08615398805895569,-0.8968697598757347,-1.0,-1.0,-1.0,-0.3394275732237406,2.070933500203582
0.9712046121227003,0.38036011739239417,1.0,0.9164241790828181,0.3909080617282335,0.16432854610063444,-3.4005259427970684
-0.27899133511449214,-0.7825430487094349,-0.6854013758259285,-1.0,1.0,0.6098442560352781,-0.20274169111241166
-1.0,-1.0,-1.0,-0.6230470946816193,1.0,1.0,0.9994500753003024
-1.0,-0.615910492061153,-1.0,-0.8507091395594545,0.49043434843410394,0.8291121657399454,0.9290180058151775
-0.23205520303466276,-0.425237878267255,-1.0,-0.9250966006546439,-1.0,-0.05254600151418014,-0.7329374315650914
0.43392069247549414,1.0,0.6256686133998812,0.45713531389069884,-0.6083585972067561,0.40212605470582646,-0.6634744031364956
-0.8244724973323447,-1.0,-1.0,-0.1495772431902327,1.0,-0.2181907701472242,-4.12062094184963
0.6302525161328174,1.0,0.4703198057051132,1.0,-0.35624819870508506,0.011734470997933899,0.8406648265849617
-1.0,0.7260728095989786,-1.0,-1.0,-0.6027179388090875,-1.0,2.4782574510683224
-0.5152498554815015,0.8552032270445485,1.0,0.5046866070059517,0.419323845101935,1.0,-2.8110742035411174
-0.7942586509235009,-0.06431287773231997,-0.45099696773693027,-1.0,-0.2714190883184817,1.0,3.186978740622558
0.0456799257751159,-0.2078681016177364,-0.3330196779667389,-0.30369492598404335,-0.9415196157786285,-0.3317342862437793,1.0962165551607028
-0.26692937086272966,-0.28205321305880227,-0.07384437788278647,-0.5847212457164128,-0.38235494531883396,0.3099959370673444,0.41980148543254414
-0.4632105004681897,0.7436839461333102,-0.12417630109057654,-0.012242085956080118,-1.0,-0.5510131763379296,-1.0512398226353357
1.0,1.0,0.30802712149839423,-0.19384716339295083,-0.2581469792596509,0.21309989083485698,0.7284617742882226
-0.35351943552491893,0.17806617713466383,0.06405964471122227,0.16054882173122678,-0.27233680026093987,-0.011699884224985913,-0.0957724094961026
-0.3174880633529641,-0.9427744522196786,-1.0,-0.33836197438887017,-0.5098057654623768,1.0,2.8564635035980275
1.0,0.4001171016792148,-0.46292455891619766,1.0,0.07422932997968323,1.0,2.1016298704331007
0.5948326299844724,0.5761084005040391,1.0,1.0,-0.2583059200632416,0.43718557323707347,-1.3915852088837473
-0.9282910594462906,-1.0,-1.0,0.5995268499256873,-0.700422379624503,1.0,1.4145259285116556
0.9478501176355302,0.22451603383148067,1.0,1.0,0.20722479658562043,0.12440083040619551,-2.8127903781837436
-1.0,-1.0,-0.8601865304003257,-0.33572233368005433,-1.0,-0.14003197432054093,-4.385242917051125
0.6198756587459064,1.0,0.14924476508239637,0.6207887960504874,-1.0,-0.8982257150363302,5.401222042603044
